url,filename,date,knesset_num,title
https://main.knesset.gov.il/about/building/documents/defibrillator.pdf,defibrillator.pdf,,15,דפיברילטור בכנסת
https://main.knesset.gov.il/Activity/committees/Ethics/Documents/hachlatot15_2.pdf,hachlatot15_2.pdf,1999-10-26,15,"החלטת הוועדה בפנייתו של ח""כ אברהם רביץ בעניין קבלת תרומות"
https://main.knesset.gov.il/Activity/committees/Ethics/Documents/hachlatot15_1.pdf,hachlatot15_1.pdf,1999-12-26,15,החלטת ועדת האתיקה בענין משלוח מכתבים הפטורים מתשלום
https://main.knesset.gov.il/Activity/committees/Ethics/Documents/hachlatot15_3.pdf,hachlatot15_3.pdf,2000-02-14,15,"החלטת הוועדה בקובלנת התנועה למען איכות השלטון בישראל נגד ח""כ חיים כץ"
https://main.knesset.gov.il/Activity/committees/Ethics/Documents/hachlatot15_5.pdf,hachlatot15_5.pdf,2000-04-03,15,"החלטת הוועדה בקובלנתו של ח""כ מיכאל איתן נגד ח""כ ויצמן שירי"
https://main.knesset.gov.il/Activity/committees/Ethics/Documents/hachlatot15_7.pdf,hachlatot15_7.pdf,2000-05-30,15,"החלטת הוועדה בענין העדרות מישיבות הכנסת בכנס הקיץ התשנ""ט"
https://main.knesset.gov.il/Activity/committees/Ethics/Documents/hachlatot15_6.pdf,hachlatot15_6.pdf,2000-05-30,15,"החלטה הוועדה בקובלנת ח""כ רחבעם זאבי נגד הח""כים מוחמד ברכה ועזמי בשארה"
https://main.knesset.gov.il/Activity/committees/Ethics/Documents/hachlatot15_4.pdf,hachlatot15_4.pdf,2000-06-13,15,החלטה הוועדה בקובלנותיהם של יושב-ראש הכנסת אברהם בורג וחברי הכנסת מיכאל נודלמן ואלכסנדר צינקר נגד חבר הכנסת שמואל הלפרט
https://main.knesset.gov.il/Activity/committees/Ethics/Documents/hachlatot15_8.pdf,hachlatot15_8.pdf,2000-06-27,15,"החלטת הוועדה בקובלנת ארגון ""בצלם"" נגד ח""כ גדעון עזרא"
https://main.knesset.gov.il/Activity/committees/Ethics/Documents/hachlatot15_9.pdf,hachlatot15_9.pdf,2000-07-04,15,"תיקון לנוהל אתיקה לחברי הכנסת (קובלנות), התש""ס-2000"
https://main.knesset.gov.il/Activity/committees/Ethics/Documents/hachlatot15_10.pdf,hachlatot15_10.pdf,2000-09-18,15,"תיקון לנוהל אתיקה לחברי הכנסת (קובלנות) (תיקון מס' 2), התש""ס-2000"
https://main.knesset.gov.il/Activity/committees/Ethics/Documents/hachlatot15_12.pdf,hachlatot15_12.pdf,2000-10-31,15,"החלטת הוועדה בענין העדרות חברי הכנסת מישיבות הכנסת בכנס החורף התש""ס"
https://main.knesset.gov.il/Activity/committees/Ethics/Documents/hachlatot15_11.pdf,hachlatot15_11.pdf,2000-10-31,15,"החלטה בענין השתתפותם של ח""כים חקלאים בדיוני ועדת הכספים בהצעת חוק עיגון ורישום זכויות חקלאים בקרקע"
https://main.knesset.gov.il/Activity/committees/Ethics/Documents/hachlatot15_13.pdf,hachlatot15_13.pdf,2000-12-13,15,"החלטת הועדה בקובלנתו של מר אבי פרידמן, מנכ""ל קונטיננטל איירליינס ישראל נגד חברת הכנסת יעל דיין"
https://main.knesset.gov.il/Activity/committees/Ethics/Documents/hachlatot15_15.pdf,hachlatot15_15.pdf,2001-02-20,15,"החלטת הוועדה בקובלנה של נציבת שירות בתי הסוהר נגד ח""כ אחמד טיבי"
https://main.knesset.gov.il/Activity/committees/Ethics/Documents/hachlatot15_14.pdf,hachlatot15_14.pdf,2001-02-20,15,"החלטת הוועדה בקובלנתו של מר אברהם דניאל מזכיר איגוד מגדלי פרחים וצמחי נוי בענין פעילותו של ח""כ שלום שמחון, מזכ""ל המרכז החקלאי"
https://main.knesset.gov.il/Activity/committees/Ethics/Documents/hachlatot15_17.pdf,hachlatot15_17.pdf,2001-03-07,15,"החלטת הוועדה בקובלנתו התנועה לאיכות השלטון בישראל ומר צבי גוטמן נגד ח""כ מקסים לוי"
https://main.knesset.gov.il/Activity/committees/Ethics/Documents/hachlatot15_16.pdf,hachlatot15_16.pdf,2001-03-07,15,החלטת הוועדה בענין בקשת נקבל לפסול חבר הוועדה
https://main.knesset.gov.il/Activity/committees/Ethics/Documents/hachlatot15_18.pdf,hachlatot15_18.pdf,2001-06-12,15,החלטת הוועדה בענין פניותיהם של סגני יושב ראש הכנסת נעמי חזן וגדעון עזרא בעקבות התנהגות חברי הכנסת מוסי רז ומיכאל קליינר במליאת הכנסת
https://main.knesset.gov.il/Activity/committees/Ethics/Documents/hachlatot15_19.pdf,hachlatot15_19.pdf,2001-06-26,15,החלטת הוועדה בענין התבטאויות חברי הכנסת
https://main.knesset.gov.il/Activity/committees/Ethics/Documents/hachlatot15_21.pdf,hachlatot15_21.pdf,2001-08-21,15,"החלטת הוועדה בענין קובלנה של ח""כ זאב בוים נגד ח""כ עסאם מח'ול"
https://main.knesset.gov.il/Activity/committees/Ethics/Documents/hachlatot15_20.pdf,hachlatot15_20.pdf,2001-08-21,15,"החלטת הוועדה בענין קובלנה של ח""כ ישראל כץ נגד ח""כ עזמי בשארה"
https://main.knesset.gov.il/Activity/committees/Ethics/Documents/hachlatot15_25.pdf,hachlatot15_25.pdf,2001-10-16,15,"החלטת הוועדה בענין קובלנה של ח""כ משה גפני נגד ח""כ יוסף לפיד"
https://main.knesset.gov.il/Activity/committees/Ethics/Documents/hachlatot15_24.pdf,hachlatot15_24.pdf,2001-10-16,15,"החלטת הוועדה בענין קובלנות של ח""כ דוד אזולאי וח""כ משה גפני נגד ח""כ יוסף לפיד"
https://main.knesset.gov.il/Activity/committees/Ethics/Documents/hachlatot15_23.pdf,hachlatot15_23.pdf,2001-10-16,15,החלטת הוועדה בענין פניית חברי הכנסת לגופים בעלי סמכות מעין-שיפוטית
https://main.knesset.gov.il/Activity/committees/Ethics/Documents/hachlatot15_18a.pdf,hachlatot15_18a.pdf,2001-10-16,15,תיקון החלטת הוועדה בענין פניותיהם של סגני יושב ראש הכנסת נעמי חזן וגדעון עזרא בעקבות התנהגות חברי הכנסת מוסי רז ומיכאל קליינר במליאת הכנסת
https://main.knesset.gov.il/Activity/committees/Ethics/Documents/hachlatot15_26.pdf,hachlatot15_26.pdf,2001-11-13,15,"החלטת הוועדה בקובלנה של ח""כ דוד אזולאי נגד חברי הכנסת אחמד טיבי ומוחמד כנעאן"
https://main.knesset.gov.il/Activity/committees/Ethics/Documents/hachlatot15_27a.pdf,hachlatot15_27a.pdf,2001-11-20,15,"החלטת הוועדה בקובלנה של רשם העמותות, עו""ד עמירם בוגט נגד חברי הכנסת אופיר פינס-פז וויצמן שירי"
https://main.knesset.gov.il/Activity/committees/Ethics/Documents/hachlatot15_27.pdf,hachlatot15_27.pdf,2001-11-20,15,"החלטת הוועדה בקובלנתו של ח""כ אביגדור ליברמן נגד ח""כ רן כהן"
https://main.knesset.gov.il/Activity/committees/Ethics/Documents/hachlatot15_34.pdf,hachlatot15_34.pdf,2002-01-06,15,"החלטת הוועדה בקובלנה של ח""כ איתן כבל נגד השר שלמה בניזרי"
https://main.knesset.gov.il/Activity/committees/Ethics/Documents/hachlatot15_33.pdf,hachlatot15_33.pdf,2002-01-06,15,"החלטת הוועדה בקובלנה של יצחק בם, תנועת ""תכלית"" - תנועת סטודנטים לאומית בישראל נגד ח""כ אחמד טיבי"
https://main.knesset.gov.il/Activity/committees/Ethics/Documents/hachlatot15_32.pdf,hachlatot15_32.pdf,2002-01-06,15,"החלטת הוועדה בקובלנה של ח""כ טלב אלסאנע ויוסי שריד נגד השר עוזי לנדאו"
https://main.knesset.gov.il/Activity/committees/Ethics/Documents/hachlatot15_31.pdf,hachlatot15_31.pdf,2002-01-06,15,"החלטת הוועדה בקובלנה של ח""כ זבולון אורלב נגד ח""כ עבד אלמאלכ דהאמשה"
https://main.knesset.gov.il/Activity/committees/Ethics/Documents/hachlatot15_30.pdf,hachlatot15_30.pdf,2002-01-06,15,"החלטת הוועדה בקובלנה של ח""כ מוחמד ברכה נגד ח""כ יוסף לפיד"
https://main.knesset.gov.il/Activity/committees/Ethics/Documents/hachlatot15_29.pdf,hachlatot15_29.pdf,2002-01-06,15,"החלטת הוועדה בקובלנות של ח""כ זאב בוים ומר חיים אשבל נגד ח""כ עבד אלמאלכ דהאמשה"
https://main.knesset.gov.il/Activity/committees/Ethics/Documents/hachlatot15_28.pdf,hachlatot15_28.pdf,2002-01-06,15,החלטת הוועדה בקובלנות הדדיות של חברי הכנסת נעמי חזן ומיכאל קליינר
https://main.knesset.gov.il/Activity/committees/Ethics/Documents/hachlatot15_35.pdf,hachlatot15_35.pdf,2002-01-09,15,"החלטת הוועדה בקובלנות של ח""כ זהבה גלאון, ח""כ אפי אושעיה, ח""כ אבשלום וילן, הקרן החדשה לישראל וסגן השר מלכיאור נגד חבר הכנסת צבי הנדל"
https://main.knesset.gov.il/Activity/committees/Ethics/Documents/hachlatot15_38.pdf,hachlatot15_38.pdf,2002-02-12,15,"החלטת הוועדה בקובלנה של ח""כ האשם מחאמיד נגד ח""כ ישראל כץ"
https://main.knesset.gov.il/Activity/committees/Ethics/Documents/hachlatot15_37.pdf,hachlatot15_37.pdf,2002-02-12,15,החלטת הוועדה בדבר קבלת מתנות וטובות הנאה בידי חברי הכנסת
https://main.knesset.gov.il/Activity/committees/Ethics/Documents/hachlatot15_36.pdf,hachlatot15_36.pdf,2002-02-12,15,"החלטת הוועדה בענין מימון נסיעות לחו""ל של חברי הכנסת"
https://main.knesset.gov.il/Activity/committees/Ethics/Documents/hachlatot15_39.pdf,hachlatot15_39.pdf,2002-02-14,15,"החלטת ועדת האתיקה בעניין בקובלנת התנועה למען איכות השלטון בישראל נגד ח""כ חיים כץ"
https://main.knesset.gov.il/Activity/committees/Ethics/Documents/hachlatot15_40.pdf,hachlatot15_40.pdf,2002-03-12,15,"החלטת הוועדה בקובלנה של עו""ד משה שחל נגד ח""כ ויצמן שירי"
https://main.knesset.gov.il/Activity/committees/Ethics/Documents/hachlatot15_42.pdf,hachlatot15_42.pdf,2002-04-30,15,"החלטת ועדת האתיקה בענין קובלנה של סגן השר גדעון עזרא נגד ח""כ מוחמד ברכה"
https://main.knesset.gov.il/Activity/committees/Ethics/Documents/hachlatot15_41.pdf,hachlatot15_41.pdf,2002-04-30,15,"החלטת הוועדה בענין פנייתו של יו""ר הכנסת לפי סעיף ‎70 לתקנון הכנסת ובענין קובלנתו של ח""כ זאב בוים נגד ח""כ עסאם מח'ול"
https://main.knesset.gov.il/Activity/committees/Ethics/Documents/hachlatot15_43.pdf,hachlatot15_43.pdf,2002-05-21,15,"נוהל אתיקה לחברי הכנסת (קובלנות) (תיקון), התשס""ב-‎2002"
https://main.knesset.gov.il/Activity/committees/Ethics/Documents/hachlatot15_46.pdf,hachlatot15_46.pdf,2002-06-11,15,"החלטת ועדת האתיקה בקובלנה של העתונאי נחמיה שטרסלר נגד ח""כ אליעזר (צ'יטה) כהן"
https://main.knesset.gov.il/Activity/committees/Ethics/Documents/hachlatot15_45.pdf,hachlatot15_45.pdf,2002-06-11,15,החלטת ועדת האתיקה בנושא קבלת ספרים על ידי יושב ראש הכנסת וחברי הכנסת
https://main.knesset.gov.il/Activity/committees/Ethics/Documents/hachlatot15_44.pdf,hachlatot15_44.pdf,2002-06-11,15,"החלטת ועדת האתיקה בקובלנות של חברי הכנסת אחמד טיבי, עזמי בשארה ואיתן כבל נגד ח""כ אליעזר (צ'יטה) כהן"
https://main.knesset.gov.il/Activity/committees/Ethics/Documents/hachlatot15_47.pdf,hachlatot15_47.pdf,2002-06-24,15,"תיקון חוק חסינות חברי הכנסת, זכויותיהם וחובותיהם, התשי""א-‎1951"
https://main.knesset.gov.il/Activity/committees/Ethics/Documents/hachlatot15_48.pdf,hachlatot15_48.pdf,2002-10-14,15,החלטת ועדת האתיקה בעניין כהונה של חברי הכנסת במוסדות ההסתדרות הכללית החדשה
https://main.knesset.gov.il/Activity/committees/Ethics/Documents/hachlatot15_49.pdf,hachlatot15_49.pdf,2002-10-22,15,"החלטת ועדת האתיקה בענין העדרות מישיבות הכנסת בכנס הקיץ התשס""א-‎2001"
https://main.knesset.gov.il/Activity/committees/Ethics/Documents/hachlatot16_1.pdf,hachlatot16_1.pdf,2003-06-10,16,"החלטה בענין הצבעתו הכפולה של ח""כ גורלובסקי"
https://main.knesset.gov.il/Activity/committees/Ethics/Documents/hachlatot16_3.pdf,hachlatot16_3.pdf,2003-06-24,16,"בקובלנה של סגן יו""ר הכנסת ה-15, יגאל ביבי נגד ח""כ מוחמד ברכה"
https://main.knesset.gov.il/Activity/committees/Ethics/Documents/hachlatot16_2.pdf,hachlatot16_2.pdf,2003-06-24,16,"בקובלנה של ח""כ אורי יהודה אריאל נגד ח""כ אחמד טיבי"
https://main.knesset.gov.il/Activity/committees/Ethics/Documents/hachlatot16_4.pdf,hachlatot16_4.pdf,2003-07-08,16,"בקובלנה של היועץ המשפטי לממשלה נגד ח""כ אחמד טיבי"
https://main.knesset.gov.il/Activity/committees/Ethics/Documents/hachlatot16_7.pdf,hachlatot16_7.pdf,2003-07-22,16,"בקובלנה של ח""כ צבי הנדל, סגן שר במשרד החינוך, התרבות והספורט נגד ח""כ מוחמד ברכה"
https://main.knesset.gov.il/Activity/committees/Ethics/Documents/hachlatot16_6.pdf,hachlatot16_6.pdf,2003-07-22,16,"בקובלנה של ח""כ עזמי בשארה נגד ח""כ גדעון סער"
https://main.knesset.gov.il/Activity/committees/Ethics/Documents/hachlatot16_5.pdf,hachlatot16_5.pdf,2003-07-22,16,"בקובלנה של ח""כ שלמה בניזרי נגד ח""כ רומן ברונפמן"
https://main.knesset.gov.il/Activity/committees/Ethics/Documents/hachlatot16_8.pdf,hachlatot16_8.pdf,2003-10-21,16,"החלטת ועדת האתיקה בדבר איסור הכללת פרסומת מסחרית ב""איגרת לבוחר"""
https://main.knesset.gov.il/Activity/committees/Ethics/Documents/hachlatot16_9.pdf,hachlatot16_9.pdf,2003-11-18,16,"החלטת ועדת האתיקה בקובלנה של ח""כ ענבל גבריאלי נגד ח""כ יולי תמיר"
https://main.knesset.gov.il/Activity/committees/Ethics/Documents/hachlatot16_10.pdf,hachlatot16_10.pdf,2004-01-13,16,"החלטת ועדת האתיקה בענין קובלנות של חברי הכנסת אורי אריאל ויולי אדלשטיין נגד חברי הכנסת שנסעו לחו""ל, שלא במסגרת משלחות מטעם הכנסת, ללא אישורה של ועדת האתיקה"
https://main.knesset.gov.il/Activity/committees/Ethics/Documents/hachlatot16_13.pdf,hachlatot16_13.pdf,2004-02-03,16,"בקובלנות של חבר הכנסת יו""ר הכנסת חבר הכנסת ראובן (רובי) ריבלין נגד חברי הכנסת צבי הנדל"
https://main.knesset.gov.il/Activity/committees/Ethics/Documents/hachlatot16_12.pdf,hachlatot16_12.pdf,2004-02-03,16,"בקובלנות של יו""ר הכנסת חבר הכנסת ראובן (רובי) ריבלין נגד חבר מאיר פרוש"
https://main.knesset.gov.il/Activity/committees/Ethics/Documents/hachlatot16_11.pdf,hachlatot16_11.pdf,2004-02-03,16,בקובלנות של חבר הכנסת יגאל יאסינוב נגד חבר הכנסת אחמד טיבי
https://main.knesset.gov.il/Activity/committees/Ethics/Documents/hachlatot16_15.pdf,hachlatot16_15.pdf,2004-05-04,16,"בקובלנות של קובלנתו של ח""כ גדעון עזרא, השר המתאם בין הממשלה לבין הכנסת נגד ח""כ מוחמד ברכה"
https://main.knesset.gov.il/Activity/committees/Ethics/Documents/hachlatot16_14.pdf,hachlatot16_14.pdf,2004-05-04,16,"בקובלנות של של ח""כ עסאם מח'ול נגד ח""כ גדעון עזרא, השר המתאם בין הממשלה לבין הכנסת"
https://main.knesset.gov.il/Activity/committees/Ethics/Documents/hachlatot16_17.pdf,hachlatot16_17.pdf,2004-06-22,16,"בקובלנות של זיו פרייס, אליעזר דביר ופנחס וולף נגד חברי הכנסת אחמד טיבי, טלב אלסאנע וג'מאל זחאלקה"
https://main.knesset.gov.il/Activity/committees/Ethics/Documents/hachlatot16_16.pdf,hachlatot16_16.pdf,2004-06-22,16,"בקובלנה של ח""כ רשף חן נגד חברי הכנסת מסיעות ש""ס ויהדות התורה"
https://main.knesset.gov.il/Activity/committees/Ethics/Documents/hachlatot16_18.pdf,hachlatot16_18.pdf,2004-06-29,16,"בענין השתתפותו של ח""כ אלי אפללו, שבבעלותו תחנות תידלוק, בדיוני הועדות בנושאים הקשורים במשק הדלק"
https://main.knesset.gov.il/Activity/committees/Ethics/Documents/hachlatot16_19.pdf,hachlatot16_19.pdf,2004-07-06,16,בענין השתתפות חברי הכנסת באירועי תרבות שבסיומם נערך דיון בנוכחות הקהל
https://main.knesset.gov.il/Activity/committees/Ethics/Documents/hachlatot16_20.pdf,hachlatot16_20.pdf,2004-10-12,16,"החלטת ועדת האתיקה של אליעזר וולטמן, מנכ""ל עמותת ""אומ""ץ"" נגד חברי הכנסת שמעון פרס, בנימין בן-אליעזר, דליה איציק וחיים רמון"
https://main.knesset.gov.il/Activity/committees/Ethics/Documents/hachlatot16_21.pdf,hachlatot16_21.pdf,2004-11-16,16,"בקובלנות של התנועה למען איכות השלטון בישראל ושל המטה למען א""י נגד ח""כ אברהם הירשזון"
https://main.knesset.gov.il/Activity/committees/Ethics/Documents/hachlatot16_25.pdf,hachlatot16_25.pdf,2004-12-07,16,"בקובלנה של ח""כ מוחמד ברכה נגד ח""כ גדעון עזרא, השר לביטחון פנים ושר התיירות"
https://main.knesset.gov.il/Activity/committees/Ethics/Documents/hachlatot16_24.pdf,hachlatot16_24.pdf,2004-12-07,16,"בקובלנה של מר יוסי מושקוביץ נגד ח""כ מיכאל גורלובסקי"
https://main.knesset.gov.il/Activity/committees/Ethics/Documents/hachlatot16_23.pdf,hachlatot16_23.pdf,2004-12-07,16,"קובלנתו של ח""כ יורי שטרן נגד ח""כ ג'מאל זחאלקה"
https://main.knesset.gov.il/Activity/committees/Ethics/Documents/hachlatot16_22.pdf,hachlatot16_22.pdf,2004-12-07,16,החלטת של ועדת האתיקה בדבר מענה לפניות הציבור
https://main.knesset.gov.il/Activity/committees/Ethics/Documents/hachlatot16_26.pdf,hachlatot16_26.pdf,2004-12-21,16,"בענין קובלנתה של ח""כ לימור לבנת, שרת החינוך, התרבות והספורט נגד ח""כ עסאם מח'ול"
https://main.knesset.gov.il/Activity/committees/Ethics/Documents/hachlatot16_27.pdf,hachlatot16_27.pdf,2005-01-11,16,"תיקון להחלטת ועדת האתיקה בענין מימון נסיעות לחו""ל של חברי הכנסת"
https://main.knesset.gov.il/Activity/committees/Ethics/Documents/hachlatot16_29.pdf,hachlatot16_29.pdf,2005-03-22,16,החלטת ועדת האתיקה בענין חוברות ומגזינים חגיגיים לציון פעילות ציבורית של שר או חבר הכנסת
https://main.knesset.gov.il/Activity/committees/Ethics/Documents/hachlatot16_28.pdf,hachlatot16_28.pdf,2005-03-22,16,"החלטת ועדת האתיקה בקובלנה של ח""כ יגאל יאסינוב נגד ח""כ קולט אביטל"
https://main.knesset.gov.il/Activity/committees/Ethics/Documents/hachlatot16_30.pdf,hachlatot16_30.pdf,2005-06-21,16,החלטת ועדת האתיקה בענין נסיעות חברי הכנסת לארצות אויב
https://main.knesset.gov.il/Activity/committees/Ethics/Documents/hachlatot16_31.pdf,hachlatot16_31.pdf,2005-07-19,16,"החלטת ועדת האתיקה בענין קובלנתו של ח""כ אורי אריאל נגד ח""כ עסאם מח'ול"
https://main.knesset.gov.il/Activity/committees/Ethics/Documents/hachlatot16_32.pdf,hachlatot16_32.pdf,2005-07-26,16,"החלטת ועדת האתיקה בענין קובלנתם של ח""כ אריה אלדד וח""כ אורי אריאל נגד ח""כ עסאם מח'ול"
https://main.knesset.gov.il/Activity/committees/Ethics/Documents/hachlatot16_33.pdf,hachlatot16_33.pdf,2005-11-01,16,"החלטת ועדת האתיקה בענין קובלנתו של יו""ר הכנסת, ח""כ ראובן ריבלין נגד ח""כ מיכאל גורלובסקי"
https://main.knesset.gov.il/Activity/committees/Ethics/Documents/hachlatot16_34.pdf,hachlatot16_34.pdf,2005-11-29,16,החלטת ועדת האתיקה בענין שימוש במכונות הצילום של הכנסת
https://main.knesset.gov.il/Activity/committees/Ethics/Documents/hachlatot16_35.pdf,hachlatot16_35.pdf,2005-12-05,16,"החלטת ועדת האתיקה בענין קובלנתו של ח""כ רן כהן נגד ח""כ רוחמה אברהם ואלי אפללו ובעניין קובלנתה של התנועה למען איכות השלטון נגד ח""כ ישראל כ""ץ, רוחמה אברהם ואלי אפללו"
https://main.knesset.gov.il/Activity/committees/Ethics/Documents/hachlatot17_1.pdf,hachlatot17_1.pdf,2006-06-20,17,החלטת ועדת האתיקה בדבר פרסום קובלנות בתקשורת
https://main.knesset.gov.il/Activity/committees/Ethics/Documents/hachlatot17_2.pdf,hachlatot17_2.pdf,2006-07-11,17,החלטת ועדת האתיקה בקובלנה של חברת הכנסת רוחמה אברהם נגד חברת הכנסת סופה לנדבר
https://main.knesset.gov.il/Activity/committees/Ethics/Documents/hachlatot17_4.pdf,hachlatot17_4.pdf,2006-09-18,17,"החלטת ועדת האתיקה בקובלנה של חה""כ קולט אביטל ושל חה""כ יואל חסון"
https://main.knesset.gov.il/Activity/committees/Ethics/Documents/hachlatot17_3.pdf,hachlatot17_3.pdf,2006-09-18,17,"החלטת ועדת האתיקה בקובלנה של יו""ר הכנסת, חה""כ דליה איציק ושל חה""כ יואל חסון"
https://main.knesset.gov.il/Activity/committees/Ethics/Documents/hachlatot17_5.pdf,hachlatot17_5.pdf,2006-10-31,17,"החלטת ועדת האתיקה בקובלנה של חה""כ לימור לבנת נגד חה""כ דוד טל"
https://main.knesset.gov.il/Activity/committees/Ethics/Documents/hachlatot17_6.pdf,hachlatot17_6.pdf,2007-02-06,17,החלטת ועדת האתיקה בענין הקובלנות של חברי הכנסת גלעד ארדן ועזמי בשארה
https://main.knesset.gov.il/Activity/committees/Ethics/Documents/hachlatot17_8.pdf,hachlatot17_8.pdf,2007-02-12,17,"החלטת ועדת האתיקה בענין בענין קובלנותיהם של חבר הכנסת רן כהן ושל עמותת אומ""ץ נגד חברי הכנסת יואל חסון וסטס מיסז'ניקוב"
https://main.knesset.gov.il/Activity/committees/Ethics/Documents/hachlatot17_7.pdf,hachlatot17_7.pdf,2007-02-12,17,"החלטת ועדת האתיקה בענין קובלנתו של היועץ המשפטי לממשלה נגד חה""כ אברהם הירשזון"
https://main.knesset.gov.il/Activity/committees/Ethics/Documents/hachlatot17_11.pdf,hachlatot17_11.pdf,2007-02-27,17,"החלטת ועדת האתיקה בענין קובלנותיהם ההדדיות של חברי הכנסת אריה אלדד, גלעד ארדן ואורי אריאל ושל חבר הכנסת אחמד טיבי"
https://main.knesset.gov.il/Activity/committees/Ethics/Documents/hachlatot17_10.pdf,hachlatot17_10.pdf,2007-02-27,17,"החלטת ועדת האתיקה בענין צבירת נקודות מועדוני ""הנוסע המתמיד"""
https://main.knesset.gov.il/Activity/committees/Ethics/Documents/hachlatot17_9.pdf,hachlatot17_9.pdf,2007-02-27,17,"החלטת ועדת האתיקה בענין קובלנתה של חה""כ נאדיה חילו נגד חה""כ אסתרינה טרטמן"
https://main.knesset.gov.il/Activity/committees/Ethics/Documents/hachlatot17_12.pdf,hachlatot17_12.pdf,2007-03-12,17,"החלטת ועדת האתיקה בענין קובלנתו של חה""כ יורם מרציאנו"
https://main.knesset.gov.il/Activity/committees/Ethics/Documents/hachlatot17_13.pdf,hachlatot17_13.pdf,2007-03-13,17,"החלטת ועדת האתיקה בענין קובלנתו של ועד העוזרים הפרלמנטריים נגד חה""כ משה שרוני"
https://main.knesset.gov.il/Activity/committees/Ethics/Documents/hachlatot17_15.pdf,hachlatot17_15.pdf,2007-03-21,17,"החלטת ועדת האתיקה בענין קובלנותיהם של חה""כ רן כהן והתנועה למען איכות השלטון נגד חברת הכנסת אסתרינה טרטמן"
https://main.knesset.gov.il/Activity/committees/Ethics/Documents/hachlatot17_14.pdf,hachlatot17_14.pdf,2007-03-21,17,החלטת ועדת האתיקה בעניין משיכת חתימותיהם של חברי הכנסת
https://main.knesset.gov.il/Activity/committees/Ethics/Documents/hachlatot17_16.pdf,hachlatot17_16.pdf,2007-06-05,17,החלטת ועדת האתיקה בענין השתתפות חברי הכנסת באירועי תרבות
https://main.knesset.gov.il/Activity/committees/Ethics/Documents/hachlatot17_17.pdf,hachlatot17_17.pdf,2007-06-26,17,"החלטת ועדת האתיקה בעניין היעדרות חברי הכנסת מישיבות הכנסת בכנס החורף התשס""ז-2006"
https://main.knesset.gov.il/Activity/committees/Ethics/Documents/hachlatot17_19.pdf,hachlatot17_19.pdf,2007-07-03,17,החלטת ועדת האתיקה בענין קובלנתו של הרב גלעד קריב נגד חבר הכנסת משה גפני
https://main.knesset.gov.il/Activity/committees/Ethics/Documents/hachlatot17_18.pdf,hachlatot17_18.pdf,2007-07-03,17,החלטת ועדת האתיקה בענין פניית היועץ המשפטי לממשלה בנוגע לכהונת חבר הכנסת יואל חסון כנשיא הקונגרס הציוניהחלטה עקרונית בנושא כהונת חברי הכנסת בתפקידים בהסתדרות הציונית העולמית
https://main.knesset.gov.il/Activity/committees/Ethics/Documents/hachlatot17_20.pdf,hachlatot17_20.pdf,2007-07-10,17,"החלטת ועדת האתיקה בעניין קובלנותיהם של חה""כ אריה אלדד, עמותת אומ""ץ והפורום המשפטי למען ארץ-ישראל נגד חבר הכנסת לשעבר, הנשיא הנבחר שמעון פרס"
https://main.knesset.gov.il/Activity/committees/Ethics/Documents/hachlatot17_21.pdf,hachlatot17_21.pdf,2007-07-23,17,"החלטת ועדת האתיקה בענין קובלנותו של חה""כ ואסל טאהא נגד השר, חה""כ אביגדור ליברמן"
https://main.knesset.gov.il/Activity/committees/Ethics/Documents/hachlatot17_23.pdf,hachlatot17_23.pdf,2007-11-07,17,"החלטת ועדת האתיקה בענין קובלנותו של השופט משה גל, מנהל בתי המשפט ונשיא בית-משפט מחוזי נגד חבר הכנסת משה שרוני"
https://main.knesset.gov.il/Activity/committees/Ethics/Documents/hachlatot17_22.pdf,hachlatot17_22.pdf,2007-11-07,17,החלטת ועדת האתיקה בענין בעניין היעדרות חברי הכנסת מישיבות הכנסת
https://main.knesset.gov.il/Activity/committees/Ethics/Documents/hachlatot17_24.pdf,hachlatot17_24.pdf,2007-12-04,17,"החלטת ועדת האתיקה בענין קובלנה של חה""כ יצחק גלנטי וחה""כ דוד רותם נגד חה""כ סעיד נפאע"
https://main.knesset.gov.il/Activity/committees/Ethics/Documents/hachlatot17_25.pdf,hachlatot17_25.pdf,2008-01-01,17,החלטת ועדת האתיקה בענין השארת שמו של חבר הכנסת בשם הפירמה או בעסק בהם היה שותף בטרם נבחר לכנסת
https://main.knesset.gov.il/Activity/committees/Ethics/Documents/hachlatot17_26.pdf,hachlatot17_26.pdf,2008-01-15,17,החלטת ועדת האתיקה בעניין קובלנה של התנועה למען איכות השלטון בישראל נגד השר משולם נהרי
https://main.knesset.gov.il/Activity/committees/Ethics/Documents/hachlatot17_27.pdf,hachlatot17_27.pdf,2008-02-05,17,"החלטת ועדת האתיקה בעניין קובלנה של השר עמי אילון נגד חה""כ אריה אלדד"
https://main.knesset.gov.il/Activity/committees/Ethics/Documents/hachlatot17_30.pdf,hachlatot17_30.pdf,2008-05-27,17,החלטת ועדת האתיקה בעניין קובלנות הדדיות של חבר הכנסת אפי איתם ושל חבר הכנסת אחמד טיבי
https://main.knesset.gov.il/Activity/committees/Ethics/Documents/hachlatot17_28.pdf,hachlatot17_28.pdf,2008-05-27,17,החלטת ועדת האתיקה בעניין היעדרות חברי הכנסת מישיבות הכנסת בכנס החורף במושב השלישי של הכנסת ה-‎17
https://main.knesset.gov.il/Activity/committees/Ethics/Documents/hachlatot17_32.pdf,hachlatot17_32.pdf,2008-06-24,17,"החלטת ועדת האתיקה בעניין קובלנה של חה""כ קולט אביטל נגד חה""כ אריה אלדד"
https://main.knesset.gov.il/Activity/committees/Ethics/Documents/hachlatot17_31.pdf,hachlatot17_31.pdf,2008-06-24,17,החלטת ועדת האתיקה בעניין בענין פרסום ומסירה של פרוטוקולים ומסמכים אחרים של הוועדה
https://main.knesset.gov.il/Activity/committees/Ethics/Documents/hachlatot17_33.pdf,hachlatot17_33.pdf,2008-07-08,17,"החלטת ועדת האתיקה בעניין קובלנה של מעיין אמודאי (יו""ר המשמרת הצעירה של מפלגת העבודה) נגד חה""כ בנימין נתניהו"
https://main.knesset.gov.il/Activity/committees/Ethics/Documents/hachlatot17_34.pdf,hachlatot17_34.pdf,2008-07-29,17,החלטת ועדת האתיקה בעניין הגשת הצהרות הון בכנסת השבע עשרה
https://main.knesset.gov.il/Activity/committees/Ethics/Documents/hachlatot17_35.pdf,hachlatot17_35.pdf,2008-07-30,17,"החלטת ועדת האתיקה בענין צבירת נקודות מועדוני ""הנוסע המתמיד"""
https://main.knesset.gov.il/Activity/committees/Ethics/Documents/hachlatot17_39.pdf,hachlatot17_39.pdf,2008-10-28,17,החלטת ועדת האתיקה בענין השתתפות חברי הכנסת בכנסים הנערכים בישראל
https://main.knesset.gov.il/Activity/committees/Ethics/Documents/hachlatot17_38.pdf,hachlatot17_38.pdf,2008-10-28,17,החלטת ועדת האתיקה בעניין היעדרות חברי הכנסת מישיבות הכנסת בכנס הקיץ במושב השלישי של הכנסת ה-17
https://main.knesset.gov.il/Activity/committees/Ethics/Documents/hachlatot17_37.pdf,hachlatot17_37.pdf,2008-10-28,17,"החלטת ועדת האתיקה בענין קובלנה של מיכל רבדין נגד חה""כ נדיה חילו"
https://main.knesset.gov.il/Activity/committees/Ethics/Documents/hachlatot17_36.pdf,hachlatot17_36.pdf,2008-10-28,17,"החלטת ועדת האתיקה בעניין קובלנה של מעיין אמודאי נגד חה""כ בנימין נתניהו"
https://main.knesset.gov.il/Activity/committees/Ethics/Documents/hachlatot17_40.pdf,hachlatot17_40.pdf,2008-11-04,17,"החלטת ועדת האתיקה בענין בענין שהייה בחל""ת של חבר הכנסת בעת כהונתו"
https://main.knesset.gov.il/Activity/committees/Ethics/Documents/hchlatot2.pdf,hchlatot2.pdf,2009-05-26,18,החלטת ועדת האתיקה בענין מתנות הנשלחות בדואר לחברי הכנסת
https://main.knesset.gov.il/Activity/committees/Ethics/Documents/hchlatot1.pdf,hchlatot1.pdf,2009-05-26,18,החלטת ועדת האתיקה בענין הכרה במנוחה אחרי לידה כהצדק סביר להיעדרות
https://main.knesset.gov.il/Activity/committees/Ethics/Documents/hchlatot3.pdf,hchlatot3.pdf,2009-05-27,18,החלטת ועדת האתיקה בענין השארת שמו של חבר הכנסת בשם הפירמה או בעסק בהם היה שותף בטרם נבחר לכנסת
https://main.knesset.gov.il/Activity/committees/Ethics/Documents/hchlatot4.pdf,hchlatot4.pdf,2009-06-03,18,החלטת ועדת האתיקה בענין השתתפות של חברי הכנסת בהפגנה
https://main.knesset.gov.il/Activity/committees/Ethics/Documents/hchlatot5.pdf,hchlatot5.pdf,2009-06-17,18,החלטת ועדת האתיקה בענין החזקת מניות ואיסור כהונה כדירקטור בחברה עסקית
https://main.knesset.gov.il/Activity/committees/Ethics/Documents/hchlatot6.pdf,hchlatot6.pdf,2009-07-14,18,"החלטת ועדת האתיקה בעניין פנייתו של היועץ המשפטי לממשלה ובקובלנותיהם של הפורום המשפטי למען ארץ ישראל ושל מר עמוס כהן נגד חה""כ רוני בר-און בעניין ההצבעה הכפולה ביום כ""ז באייר התשס""ג ( 29 במאי 2003)"
https://main.knesset.gov.il/Activity/committees/Ethics/Documents/hchlatot7.pdf,hchlatot7.pdf,2009-09-29,18,החלטות הועדה בעניין התבטאויות של חברי כנסת –אתיקה וחופש הבטוי
https://main.knesset.gov.il/Activity/committees/Ethics/Documents/hchlatot8.pdf,hchlatot8.pdf,2009-10-14,18,החלטת ועדת האתיקה בענין התנהגות חברי הכנסת בכל הנוגע למתמחים בלשכותיהם
https://main.knesset.gov.il/Activity/committees/Ethics/Documents/hchlatot9.pdf,hchlatot9.pdf,2009-10-21,18,החלטת ועדת האתיקה בעניין היעדרות חברי הכנסת מישיבות הכנסת בכנס הקיץ במושב הראשון של הכנסת ה-18
https://main.knesset.gov.il/Activity/committees/Ethics/Documents/hchlatot10.pdf,hchlatot10.pdf,2009-10-26,18,"החלטת ועדת האתיקה בענין קובלנתו של חה""כ מיכאל בן ארי נגד חה""כ ציפי לבני"
https://main.knesset.gov.il/Activity/committees/Ethics/Documents/hchlatot11.pdf,hchlatot11.pdf,2009-11-03,18,החלטת ועדת האתיקה הגשת הצהרת הון
https://main.knesset.gov.il/Activity/committees/Ethics/Documents/hchlatot12.pdf,hchlatot12.pdf,2009-11-04,18,"החלטת ועדת האתיקה בנוגע בקשה לאישור נסיעות לחו""ל במימון גורם חיצוני או בהתלוות חה""כ לנסיעת שר"
https://main.knesset.gov.il/Activity/committees/Ethics/Documents/hchlatot13.pdf,hchlatot13.pdf,2009-11-09,18,"החלטת ועדת האתיקה בענין חה""כ אחמד טיבי וג'מאל זחאלקה בגין יציאתם למדינות אויב"
https://main.knesset.gov.il/Activity/committees/Ethics/Documents/hchlatot14.pdf,hchlatot14.pdf,2009-11-11,18,"החלטת ועדת האתיקה בענין קובלנתם של חה""כ אורית זוארץ ואברהם מיכאלי נגד חה""כ הורביץ"
https://main.knesset.gov.il/Activity/committees/Ethics/Documents/hchlatot15.pdf,hchlatot15.pdf,2009-11-17,18,"החלטת ועדת האתיקה בענין צירוף עוזר פרלמנטרי לנסיעה לחו""ל של ראש אופוזיציה"
https://main.knesset.gov.il/Activity/committees/Ethics/Documents/hchlatot16.pdf,hchlatot16.pdf,2009-11-25,18,"החלטת ועדת האתיקה בענין קובלנת מנכ""ל אדם טבע ודין נגד חברי סיעת ש""ס"
https://main.knesset.gov.il/Activity/committees/Ethics/Documents/hchlatot19.pdf,hchlatot19.pdf,2009-12-09,18,החלטת ועדת האתיקה בענין שדרוג כרטיס טיסה לשר הביטחון ולרעייתו ממחלקת עסקים למחלקה ראשונה
https://main.knesset.gov.il/Activity/committees/Ethics/Documents/hchlatot18.pdf,hchlatot18.pdf,2009-12-09,18,"החלטת ועדת האתיקה בעניין שתי קובלנות: האחת נגד חבר הכנסת מיכאל בן ארי, והאחרת נגד חבר הכנסת דב חנין"
https://main.knesset.gov.il/Activity/committees/Ethics/Documents/hchlatot17.pdf,hchlatot17.pdf,2009-12-09,18,"החלטת ועדת האתיקה בעניין תיקון סעיף 9 להחלטת הוועדה בדבר שהייה בחל""ת של חבר הכנסת בעת כהונתו בעקבות פנייתו של חבר הכנסת חיים כץ לועדת האתיקה בעקבות פנייתו של חבר הכנסת חיים כץ לועדת האתיקה"
https://main.knesset.gov.il/Activity/committees/Ethics/Documents/hchlatot20.pdf,hchlatot20.pdf,2010-02-16,18,"החלטת ועדת האתיקה בעניין קובלנתו של עו""ד נתנאל פרץ בדבר התנהגות סגן שר החוץ, חה""כ דני אילון"
https://main.knesset.gov.il/Activity/committees/Ethics/Documents/hchlatot22.pdf,hchlatot22.pdf,2010-02-23,18,"החלטת ועדת האתיקה בענין קובלנתה של טלי גורן, סמנכ""ל רגולציה של חברת ""קשת"" נגד חה""כ יעקב כץ"
https://main.knesset.gov.il/Activity/committees/Ethics/Documents/hchlatot21.pdf,hchlatot21.pdf,2010-02-23,18,"החלטת ועדת האתיקה בקובלנתו של הפורום המשפטי למען ארץ ישראל נגד חה""כ ג'מאל זחאלקה"
https://main.knesset.gov.il/Activity/committees/Ethics/Documents/hchlatot23.pdf,hchlatot23.pdf,2010-03-10,18,החלטת ועדת האתיקה בענין קבלת כרטיסים להופעתה של מדונה על ידי שר התיירות
https://main.knesset.gov.il/Activity/committees/Ethics/Documents/hchlatot24.pdf,hchlatot24.pdf,2010-03-17,18,החלטת ועדת האתיקה שלא לדון בקובלנות שפורסמו בתקשורת עם הגשתן לווועדה
https://main.knesset.gov.il/Activity/committees/Ethics/Documents/hchlatot25.pdf,hchlatot25.pdf,2010-05-31,18,החלטה של ועדת האתיקה בענין קובלנתו של חבר הכנסת מגלי והבה נגד חבר הכנסת אופיר אקוניס
https://main.knesset.gov.il/Activity/committees/Ethics/Documents/hchlatot26.pdf,hchlatot26.pdf,2010-06-01,18,"החלטה של ועדת האתיקה בענין קובלנתו של עו""ד ראובן פרנקו נגד חבר הכנסת יצחק וקנין"
https://main.knesset.gov.il/Activity/committees/Ethics/Documents/hchlatot27.pdf,hchlatot27.pdf,2010-06-02,18,"החלטת ועדת האתיקה בענין קובלנתו מר יריב אופנהיימר, מזכ""ל שלום עכשיו נגד חבר הכנסת מיכאל בן ארי"
https://main.knesset.gov.il/Activity/committees/Ethics/Documents/hchlatot31.pdf,hchlatot31.pdf,2010-06-07,18,"החלטת ועדת האתיקה בענין קובלנתו של פרופ' אלון הראל נגד חבר הכנסת זבולון אורלב, יו""ר ועדת החינוך, התרבות והספורט"
https://main.knesset.gov.il/Activity/committees/Ethics/Documents/hchlatot30.pdf,hchlatot30.pdf,2010-06-07,18,"החלטת ועדת האתיקה בעניין קובלנתו של עו""ד אוריאל לין נגד חבר הכנסת אילן גילאון"
https://main.knesset.gov.il/Activity/committees/Ethics/Documents/hchlatot29.pdf,hchlatot29.pdf,2010-06-07,18,"החלטת ועדת האתיקה בעניין קובלנתה של רחל ליאל, מנכ""לית הקרן החדשה לישראל נגד חברת הכנסת רונית תירוש"
https://main.knesset.gov.il/Activity/committees/Ethics/Documents/hchlatot28.pdf,hchlatot28.pdf,2010-06-07,18,החלטת ועדת האתיקה בעניין קובלנתו של יושב ראש הכנסת ראובן ריבלין נגד חבר הכנסת יואל חסון
https://main.knesset.gov.il/Activity/committees/Ethics/Documents/hchlatot33.pdf,hchlatot33.pdf,2010-06-22,18,"החלטת ועדת האתיקה הקובלנה של חה""כ אילטוב נגד חה""כ טלב אלסאנע בענין העלמת הדרכונים"
https://main.knesset.gov.il/Activity/committees/Ethics/Documents/hchlatot32.pdf,hchlatot32.pdf,2010-06-22,18,"החלטת ועדת האתיקה קובלנה של חה""כ זוארץ נגד ראש הממשלה"
https://main.knesset.gov.il/Activity/committees/Ethics/Documents/hchlatot34.pdf,hchlatot34.pdf,2010-07-07,18,"החלטת ועדת האתיקה בקובלנתו של חה""כ אורי אריאל נגד חה""כ אהוד ברק, שר הביטחון, בעניין שידרוג כרטיס טיסה בטיסת אל על ממחלקת עסקים למחלקה ראשונה"
https://main.knesset.gov.il/Activity/committees/Ethics/Documents/hchlatot36.pdf,hchlatot36.pdf,2010-08-03,18,החלטת ועדת האתיקה בקובלנות נגד חברת הכנסת דליה איציק בעניין שיפוץ דירת השרד
https://main.knesset.gov.il/Activity/committees/Ethics/Documents/hchlatot35.pdf,hchlatot35.pdf,2010-08-03,18,"החלטת ועדת האתיקה בעניין קובלנתו של שר הרווחה והשירותים החברתיים, חה""כ יצחק הרצוג נגד חה""כ מרינה סולודקין"
https://main.knesset.gov.il/Activity/committees/Ethics/Documents/hchlatot40.pdf,hchlatot40.pdf,2010-11-15,18,החלטת ועדת האתיקה בעניין קובלנתו של חבר הכנסת מיכאל בן ארי נגד חבר הכנסת אחמד טיבי
https://main.knesset.gov.il/Activity/committees/Ethics/Documents/hchlatot39.pdf,hchlatot39.pdf,2010-11-15,18,החלטת ועדת האתיקה בעניין קובלנתו של חבר הכנסת מיכאל בן ארי נגד חבר הכנסת מוחמד ברכה
https://main.knesset.gov.il/Activity/committees/Ethics/Documents/hchlatot38.pdf,hchlatot38.pdf,2010-11-15,18,החלטת ועדת האתיקה בעניין נסיעתם של ששה חברי כנסת ללוב
https://main.knesset.gov.il/Activity/committees/Ethics/Documents/hchlatot41.pdf,hchlatot41.pdf,2010-11-23,18,החלטת ועדת האתיקה בעניין קובלנתו של מר רחמים אליהו נגד חבר הכנסת שי חרמש
https://main.knesset.gov.il/Activity/committees/Ethics/Documents/hchlatot43.pdf,hchlatot43.pdf,2010-11-29,18,החלטת ועדת האתיקה בעניין פנייתו של חבר הכנסת דני דנון בנושא קידום הצעת חוק
https://main.knesset.gov.il/Activity/committees/Ethics/Documents/hchlatot44.pdf,hchlatot44.pdf,2010-12-13,18,"החלטת ועדת האתיקה בעניין קובלנתו של הפורום המשפטי למען א""י נגד חבר הכנסת שלמה מולה"
https://main.knesset.gov.il/Activity/committees/Ethics/Documents/hchlatot45.pdf,hchlatot45.pdf,2010-12-27,18,"החלטת ועדת האתיקה בעניין קובלנת תנועת אומ""ץ נגד חברת הכנסת יוליה שמאלוב ברקוביץ'"
https://main.knesset.gov.il/Activity/committees/Ethics/Documents/hchlatot46.pdf,hchlatot46.pdf,2011-02-21,18,"החלטת ועדת האתיקה בעניין קובלנת עמותת במתנ""ה נגד חברת הכנסת עינת וילף"
https://main.knesset.gov.il/Activity/committees/Ethics/Documents/hchlatot47.pdf,hchlatot47.pdf,2011-02-22,18,החלטת ועדת האתיקה בעניין הפרת הסכם קיזוז
https://main.knesset.gov.il/Activity/committees/Ethics/Documents/hchlatot48.pdf,hchlatot48.pdf,2011-05-31,18,"החלטת ועדת האתיקה בעניין קובלנתו של חה""כ אחמד טיבי נגד חה""כ דני דנון"
https://main.knesset.gov.il/Activity/committees/Ethics/Documents/hchlatot49.pdf,hchlatot49.pdf,2011-06-01,18,"החלטת ועדת האתיקה בענין נסיעתו של חה""כ אחמד טיבי"
https://main.knesset.gov.il/Activity/committees/Ethics/Documents/hchlatot51.pdf,hchlatot51.pdf,2011-06-28,18,"החלטת ועדת האתיקה בעניין היעדרות חברי הכנסת מישיבות הכנסת בכנס החורף של המושב השלישי של הכנסת ה-18, אוקטובר 2010 עד אפריל 2011"
https://main.knesset.gov.il/Activity/committees/Ethics/Documents/hchlatot50.pdf,hchlatot50.pdf,2011-06-28,18,"החלטת ועדת האתיקה בענין קובלנות של חה""כ דני דנון ואורלב נגד חה""כ טלב אלסאנע"
https://main.knesset.gov.il/Activity/committees/Ethics/Documents/hchlatot52.pdf,hchlatot52.pdf,2011-07-05,18,"החלטת ועדת האתיקה קובלנה של הפורום המשפטי למען ארץ ישראל נגד חה""כ חנין זועבי וג'מאל זחאלקה"
https://main.knesset.gov.il/Activity/committees/Ethics/Documents/hchlatot54.pdf,hchlatot54.pdf,2011-07-13,18,"החלטת ועדת האתיקה בעניין קובלנות של תנועת אומ""ץ נגד חבר הכנסת חיים כץ"
https://main.knesset.gov.il/Activity/committees/Ethics/Documents/hchlatot53.pdf,hchlatot53.pdf,2011-07-13,18,"החלטת ועדת האתיקה בענין צירוף עוזרים פרלמנטריים לנסיעות לחו""ל במימון גוף חיצוני"
https://main.knesset.gov.il/Activity/committees/Ethics/Documents/hchlatot55.pdf,hchlatot55.pdf,2011-07-18,18,"החלטת ועדת האתיקה בעניין קובלנות נגד חה""כ חנין זועבי בשל השתתפותה במשט לעזה בחודש מאי 2010"
https://main.knesset.gov.il/Activity/committees/Ethics/Documents/hchlatot56.pdf,hchlatot56.pdf,2011-08-01,18,החלטת ועדת האתיקה בעניין התבטאויות הכוללות דימויים מעולם התוכן של השואה
https://main.knesset.gov.il/Activity/committees/Ethics/Documents/hchlatot57.pdf,hchlatot57.pdf,2011-08-02,18,החלטת ועדת האתיקה בעניין הדיון על המשט לעזה
https://main.knesset.gov.il/Activity/committees/Ethics/Documents/hchlatot60.pdf,hchlatot60.pdf,2011-08-03,18,"החלטת ועדת האתיקה בענין קובלנתה של חה""כ מירי רגב נגד חה""כ ניצן הורביץ"
https://main.knesset.gov.il/Activity/committees/Ethics/Documents/hchlatot59.pdf,hchlatot59.pdf,2011-08-03,18,"החלטת ועדת האתיקה בענין קובלנתו של חה""כ אחמד טיבי נגד חה""כ בן ארי"
https://main.knesset.gov.il/Activity/committees/Ethics/Documents/hchlatot58.pdf,hchlatot58.pdf,2011-08-03,18,"החלטת ועדת האתיקה בענין קובלנתו של חה""כ אחמד טיבי נגד חה""כ אופיר אקוניס"
https://main.knesset.gov.il/Activity/committees/Ethics/Documents/hchlatot61.pdf,hchlatot61.pdf,2011-11-09,18,"החלטת ועדת האתיקה בעניין היעדרות חברי הכנסת מישיבות הכנסת בכנס הקיץ של המושב השלישי של הכנסת ה-18, מאי עד אוגוסט 2011"
https://main.knesset.gov.il/Activity/committees/Ethics/Documents/hchlatot62.pdf,hchlatot62.pdf,2011-12-06,18,החלטת ועדת האתיקה בעניין קובלנה של השר שלום שמחון נגד חבר הכנסת יואל חסון
https://main.knesset.gov.il/Activity/committees/Ethics/Documents/hchlatot65.pdf,hchlatot65.pdf,2012-01-03,18,החלטת ועדת האתיקה בעניין קובלנה של חברת הכנסת אורלי לוי אבקסיס נגד חבר הכנסת זבולון אורלב
https://main.knesset.gov.il/Activity/committees/Ethics/Documents/hchlatot64.pdf,hchlatot64.pdf,2012-01-03,18,החלטת ועדת האתיקה בעניין קובלנה של חבר הכנסת דני דנון נגד חברת הכנסת חנין זועבי
https://main.knesset.gov.il/Activity/committees/Ethics/Documents/hchlatot63.pdf,hchlatot63.pdf,2012-01-03,18,החלטת ועדת האתיקה בעניין קובלנות הדדיות של סגן השר איוב קרא וחבר הכנסת רוני בר-און
https://main.knesset.gov.il/Activity/committees/Ethics/Documents/hchlatot67.pdf,hchlatot67.pdf,2012-01-10,18,"החלטת ועדת האתיקה בעניין קובלנה של יו""ר הכנסת נגד חבר הכנסת רוברט טיבייב"
https://main.knesset.gov.il/Activity/committees/Ethics/Documents/hchlatot66.pdf,hchlatot66.pdf,2012-01-10,18,"החלטת ועדת האתיקה בעניין קובלנה של יו""ר הכנסת נגד חברת הכנסת אנסטסיה מיכאלי"
https://main.knesset.gov.il/Activity/committees/Ethics/Documents/hchlatot69.pdf,hchlatot69.pdf,2012-01-17,18,החלטת ועדת האתיקה בעניין קובלנות נגד חבר הכנסת דוד רותם בשל התבטאויות
https://main.knesset.gov.il/Activity/committees/Ethics/Documents/hchlatot68.pdf,hchlatot68.pdf,2012-01-17,18,"החלטת ועדת האתיקה בעניין קובלנה של חה""כ אנסטסיה מיכאלי נגד חה""כ אחמד טיבי"
https://main.knesset.gov.il/Activity/committees/Ethics/Documents/hchlatot70.pdf,hchlatot70.pdf,2012-01-24,18,"החלטת ועדת האתיקה בעניין נסיעתה של חה""כ חנין זועבי ללא אישור הוועדה לדרום אפריקה"
https://main.knesset.gov.il/Activity/committees/Ethics/Documents/hchlatot71.pdf,hchlatot71.pdf,2012-02-07,18,החלטת ועדת האתיקה בקובלנות נגד חבר הכנסת אחמד טיבי בשל התבטאויות במליאה
https://main.knesset.gov.il/Activity/committees/Ethics/Documents/hchlatot72.pdf,hchlatot72.pdf,2012-02-22,18,"החלטת ועדת האתיקה בקובלנות חברי סיעת רע""ם-תע""ל נגד חה""כ יצחק וקנין"
https://main.knesset.gov.il/Activity/committees/Ethics/Documents/hchlatot73.pdf,hchlatot73.pdf,2012-03-05,18,"החלטת ועדת האתיקה בקובלנות נגד חבר הכנסת אחמד טיבי בשל נאום ב""יום השאהיד"""
https://main.knesset.gov.il/Activity/committees/Ethics/Documents/hchlatot76.pdf,hchlatot76.pdf,2012-03-21,18,"החלטת ועדת האתיקה נסיעת חברי כנסת לחו""ל ללא היתר מראש וללא שהומצאו המסמכים הדרושים"
https://main.knesset.gov.il/Activity/committees/Ethics/Documents/hchlatot75.pdf,hchlatot75.pdf,2012-03-21,18,"החלטת ועדת האתיקה בעניין קובלנה של תנועת אומ""ץ נגד סגן השר איוב קרא"
https://main.knesset.gov.il/Activity/committees/Ethics/Documents/hchlatot74.pdf,hchlatot74.pdf,2012-03-21,18,החלטת ועדת האתיקה בעניין השתתפות חברי הכנסת בתכניות באמצעי התקשורת
https://main.knesset.gov.il/Activity/committees/Ethics/Documents/hchlatot77.pdf,hchlatot77.pdf,2012-05-22,18,"החלטת ועדת האתיקה בעניין קובלנה של חה""כ אחמד טיבי נגד השר אביגדור ליברמן"
https://main.knesset.gov.il/Activity/committees/Ethics/Documents/hchlatot78.pdf,hchlatot78.pdf,2012-05-29,18,"החלטת ועדת האתיקה בעניין נסיעה לחו""ל ללא היתר מראש - חה""כ חנין זועבי"
https://main.knesset.gov.il/Activity/committees/Ethics/Documents/hchlatot80.pdf,hchlatot80.pdf,2012-06-12,18,החלטת ועדת האתיקה בעניין היעדרות חברי הכנסת מישיבות הכנסת בכנס החורף של המושב הרביעי של הכנסת ה 18- אוקטובר 2011 עד מרץ 2012
https://main.knesset.gov.il/Activity/committees/Ethics/Documents/hchlatot79.pdf,hchlatot79.pdf,2012-06-12,18,"החלטת ועדת האתיקה בעניין קובלנות נגד חבר הכנסת אלכס מילר, יו""ר ועדת החינוך התרבות והספורט"
https://main.knesset.gov.il/Activity/committees/Ethics/Documents/hchlatot81.pdf,hchlatot81.pdf,2012-06-27,18,"החלטת ועדת האתיקה בעניין קובלנה של תנועת אומ""ץ נגד חה""כ יצחק וקנין"
https://main.knesset.gov.il/Activity/committees/Ethics/Documents/hchlatot82.pdf,hchlatot82.pdf,2012-07-09,18,החלטת ועדת האתיקה בעניין קובלנות בעניין התבטאויות של חברי כנסת בקשר למסתננים לישראל
https://main.knesset.gov.il/Activity/committees/Ethics/Documents/hchlatot88.pdf,hchlatot88.pdf,2012-12-31,18,החלטת ועדת האתיקה בקובלנה של התנועה למען איכות השלטון בישראל נגד חבר הכנסת יובל צלנר
https://main.knesset.gov.il/Activity/committees/Ethics/Documents/hchlatot87.pdf,hchlatot87.pdf,2012-12-31,18,החלטת ועדת האתיקה בעניין קובלנות נגד חבר הכנסת מיכאל בן ארי
https://main.knesset.gov.il/Activity/committees/Ethics/Documents/hchlatot86.pdf,hchlatot86.pdf,2012-12-31,18,החלטת ועדת האתיקה בעניין קובלנה של חבר הכנסת מיכאל בן ארי נגד חבר הכנסת אחמד טיבי
https://main.knesset.gov.il/Activity/committees/Ethics/Documents/hchlatot85.pdf,hchlatot85.pdf,2012-12-31,18,החלטת ועדת האתיקה בעניין קובלנות נגד חבר הכנסת מיכאל בן ארי בעניין התבטאויות
https://main.knesset.gov.il/Activity/committees/Ethics/Documents/hchlatot84.pdf,hchlatot84.pdf,2012-12-31,18,"החלטת ועדת האתיקה בעניין היעדרות חברי הכנסת מישיבות הכנסת בכנס הקיץ של המושב הרביעי של הכנסת ה-18, אפריל 2012 עד יולי 2012"
https://main.knesset.gov.il/Activity/committees/Ethics/Documents/hchlatot83.pdf,hchlatot83.pdf,2012-12-31,18,החלטת ועדת האתיקה בענין התבטאויות של חברי כנסת נגד אישים וארגונים.
https://main.knesset.gov.il/Activity/committees/Ethics/Documents/hachlatot19_1.pdf,hachlatot19_1.pdf,2013-06-17,19,החלטת ועדת האתיקה בענין שכירת לשכה פרלמנטרית בתוך גוף ציבורי או עסק פעיל
https://main.knesset.gov.il/Activity/committees/Ethics/Documents/hachlatot19_2.pdf,hachlatot19_2.pdf,2013-07-02,19,החלטת ועדת האתיקה בענין התבטאויות חברי הכנסת
https://main.knesset.gov.il/Activity/committees/Ethics/Documents/hachlatot19_4.pdf,hachlatot19_4.pdf,2013-07-23,19,החלטת ועדת האתיקה בענין הגשת הצהרות הון בתחילת הכנסת ה-19
https://main.knesset.gov.il/Activity/committees/Ethics/Documents/hachlatot19_3.pdf,hachlatot19_3.pdf,2013-07-23,19,החלטת ועדת האתיקה בעניין קריעת מסמכים פרלמנטריים מעל דוכן הכנסת
https://main.knesset.gov.il/Activity/committees/Ethics/Documents/hachlatot19_5.pdf,hachlatot19_5.pdf,2013-07-31,19,"החלטת ועדת האתיקה בקובלנה של חה""כ אלעזר שטרן נגד השר אורי אריאל"
https://main.knesset.gov.il/Activity/committees/Ethics/Documents/hachlatot19_9.pdf,hachlatot19_9.pdf,2013-10-10,19,"בדבר שימוש בתואר המתייחס להשכלה גבוהה, סמיכה לרבנות, שירות צבאי וכיוצ""ב"
https://main.knesset.gov.il/Activity/committees/Ethics/Documents/hachlatot19_6.pdf,hachlatot19_6.pdf,2013-11-05,19,"החלטת ועדת האתיקה בעניין היעדרות חברי הכנסת בכנס הקיץ של המושב הראשון של הכנסת ה-19, אפריל-אוגוסט 2013"
https://main.knesset.gov.il/Activity/committees/Ethics/Documents/hachlatot19_7.pdf,hachlatot19_7.pdf,2013-11-13,19,"החלטת ועדת האתיקה בעניין הקובלנה של יושב ראש הכנסת נגד חה""כ מאיר פרוש"
https://main.knesset.gov.il/Activity/committees/Ethics/Documents/hachlatot19_8.pdf,hachlatot19_8.pdf,2013-11-19,19,החלטת ועדת האתיקה בעניין הגשת הצהרות הון בתחילת הכנסת ה-19 - החלטת המשך להחלטה מס' 4/19
https://main.knesset.gov.il/Activity/committees/Ethics/Documents/hachlatot19_10.pdf,hachlatot19_10.pdf,2013-12-17,19,"החלטת ועדת האתיקה בקובלנות נגד חה""כ מירי רגב בקשר לניהול ישיבת ועדת הפנים והגנת הסביבה"
https://main.knesset.gov.il/Activity/committees/Ethics/Documents/hachlatot19_11.pdf,hachlatot19_11.pdf,2014-02-05,19,החלטת ועדת האתיקה בעניין קובלנות בקשר להתנהלות חברי הכנסת בישיבת ועדת הפנים והגנת הסביבה ביום 4.11.2013 וביום 3.12.2013
https://main.knesset.gov.il/Activity/committees/Ethics/Documents/hachlatot19_12.pdf,hachlatot19_12.pdf,2014-03-19,19,"החלטת ועדת האתיקה בקובלנה של השרה לימור לבנת נגד סגן יו""ר הכנסת חה""כ אחמד טיבי"
https://main.knesset.gov.il/Activity/committees/Ethics/Documents/hachlatot19_14.pdf,hachlatot19_14.pdf,2014-07-08,19,החלטת ועדת האתיקה בעניין הצהרה של חבר כנסת הנוגעת להפרת חוק שהוא פועל לשינויו
https://main.knesset.gov.il/Activity/committees/Ethics/Documents/hachlatot19_13.pdf,hachlatot19_13.pdf,2014-07-08,19,"החלטת ועדת האתיקה בעניין ""העתקת"" הצעות חוק שהופצו לשם צירוף מציעים"
https://main.knesset.gov.il/Activity/committees/Ethics/Documents/hachlatot19_15.pdf,hachlatot19_15.pdf,2014-07-22,19,"החלטת ועדת האתיקה בעניין היעדרות חברי הכנסת מישיבות הכנסת בכנס החורף של המושב השני של הכנסת ה -19 , אוקטובר 2013 עד מרץ 2014"
https://main.knesset.gov.il/Activity/committees/Ethics/Documents/hachlatot19_16.pdf,hachlatot19_16.pdf,2014-07-29,19,החלטת ועדת האתיקה בעניין קובלנות נגד חברת הכנסת חנין זועבי
https://main.knesset.gov.il/Activity/committees/Ethics/Documents/hachlatot19_17.pdf,hachlatot19_17.pdf,2014-11-18,19,החלטת ועדת האתיקה בענין היעדרויות חברי הכנסת בכנס הקיץ של המושב השני בכנסת ה-19
https://main.knesset.gov.il/Activity/committees/Ethics/Documents/hachlatot19_18.pdf,hachlatot19_18.pdf,2014-12-16,19,החלטת ועדת האתיקה בענין בעניין הגשת הצהרת הון בידי חבר הכנסת שכהונתו החלה לקראת סיום כהונת הכנסת
https://main.knesset.gov.il/Activity/committees/Ethics/Decisions20/hachlatot20_66.pdf,hachlatot20_66.pdf,2019-01-01,20,החלטה מספר 66/20 של ועדת האתיקה בקובלנה  של מנכ''ל הכנסת נגד חה''כ אורן חזן
https://main.knesset.gov.il/Activity/committees/Ethics/Decisions20/hachlatot20_65.pdf,hachlatot20_65.pdf,2019-01-01,20,"החלטה מספר 65/20  ועדת האתיקה בקובלנה של חה""כ איימן עודה נגד יושב ראש ועדת הפנים והגנת הסביבה, חה""כ יואב קיש"
https://main.knesset.gov.il/Activity/committees/Ethics/Decisions20/hachlatot20_64.pdf,hachlatot20_64.pdf,2019-01-01,20,החלטה מספר 64/20 של ועדת האתיקה בקובלנות של חבר הכנסת אורן חזן נגד חבר הכנסת חיליק בר
https://main.knesset.gov.il/Activity/committees/Ethics/Decisions20/hachlatot20_63.pdf,hachlatot20_63.pdf,2019-01-01,20,"החלטה מספר 63/20 של ועדת האתיקה בקובלנות של שרת התרבות והספורט, חה""כ מירי רגב וחברי הכנסת ענת ברקו ואורן חזן נגד חה""כ אלעזר שטרן וקובלנה של חה""כ שטרן נגד השרה רגב"
https://main.knesset.gov.il/Activity/committees/Ethics/Decisions20/hachlatot20_62.pdf,hachlatot20_62.pdf,2019-01-01,20,החלטה מספר 62/20 של ועדת האתיקה בקובלנה של חבר הכנסת אורן חזן נגד חברת הכנסת חנין זועבי
https://main.knesset.gov.il/Activity/committees/Ethics/Decisions20/hachlatot20_61.pdf,hachlatot20_61.pdf,2019-01-01,20,"החלטה מספר 61/20 של ועדת האתיקה בקובלנות של אזרחים נגד חה""כ אורן חזן בגין התבטאות פוגענית כלפי חה""כ אילן גילאון וקובלנה של חה""כ חזן נגד חה""כ גילאון"
https://main.knesset.gov.il/Activity/committees/Ethics/Decisions20/hachlatot20_60.pdf,hachlatot20_60.pdf,2019-01-01,20,"החלטה מספר 60/20 של ועדת האתיקה בקובלנה נגד חה""כ אורן חזן בשל התבטאויות פוגעניות כלפי ראש אגף שיקום נכים במשרד הביטחון"
https://main.knesset.gov.il/Activity/committees/Ethics/Decisions20/hachlatot20_59.pdf,hachlatot20_59.pdf,2019-01-01,20,החלטה מספר 20/59 של ועדת האתיקה בקובלנה של חברת הכנסת חנין זועבי נגד שר הביטחון אביגדור ליברמן
https://main.knesset.gov.il/Activity/committees/Ethics/Decisions20/hachlatot20_58.pdf,hachlatot20_58.pdf,2019-01-01,20,החלטת ועדת האתיקה  בקובלנה של חבר הכנסת אורן אסף חזן נגד חבר הכנסת טלב אבו עראר
https://main.knesset.gov.il/Activity/committees/Ethics/Decisions20/hachlatot20_57.pdf,hachlatot20_57.pdf,2019-01-01,20,"החלטת ועדת האתיקה בקובלנות נגד חה""כ ג'מאל זחאלקה"
https://main.knesset.gov.il/Activity/committees/Ethics/Decisions20/hachlatot20_56.pdf,hachlatot20_56.pdf,2019-01-01,20,החלטת ועדת האתיקה בעניין גיוס תרומות לצורך רפואי או למימון הוצאות משפטיות
https://main.knesset.gov.il/Activity/committees/Ethics/Decisions20/hachlatot20_55.pdf,hachlatot20_55.pdf,2019-01-01,20,"החלטה של ועדת האתיקה בענין קובלנות נגד חה""כ איימן עודה בשל בשל דברים פוגעניים שהטיח בשוטרים"
https://main.knesset.gov.il/Activity/committees/Ethics/Decisions20/hachlatot20_54.pdf,hachlatot20_54.pdf,2019-01-01,20,"החלטת ועדת האתיקה בעניין היעדרות חברי הכנסת מישיבות הכנסת בכנס החורף של המושב הרביעי של הכנסת ה-20, אוקטובר-מרץ 2018"
https://main.knesset.gov.il/Activity/committees/Ethics/Decisions20/hachlatot20_53.pdf,hachlatot20_53.pdf,2019-01-01,20,"החלטת ועדת האתיקה בקובלנות נגד חה""כ חנין זועבי בשל התבטאות בישיבת ועדה"
https://main.knesset.gov.il/Activity/committees/Ethics/Decisions20/hachlatot20_52.pdf,hachlatot20_52.pdf,2019-01-01,20,החלטת ועדת האתיקה בעניין עיסוק נוסף כעורך דין שלא בשכר
https://main.knesset.gov.il/Activity/committees/Ethics/Decisions20/hachlatot20_51.pdf,hachlatot20_51.pdf,2019-01-01,20,"החלטת ועדת האתיקה בקובלנות נגד חברי הכנסת מהרשימה המשותפת בשל התנהגותם בישיבת הכנסת בהשתתפות סגן נשיא ארה""ב ובקובלנות נגדיות"
https://main.knesset.gov.il/Activity/committees/Ethics/Decisions20/hachlatot20_50.pdf,hachlatot20_50.pdf,2019-01-01,20,"החלטת ועדת האתיקה בקובלנות נגד חה""כ תמר זנדברג בשל התבטאות"
https://main.knesset.gov.il/Activity/committees/Ethics/Decisions20/hachlatot20_49.pdf,hachlatot20_49.pdf,2019-01-01,20,החלטת ועדת האתיקה בקובלנות נגד חבר הכנסת אורן חזן בשל התבטאויות פוגעניות
https://main.knesset.gov.il/Activity/committees/Ethics/Decisions20/hachlatot20_48.pdf,hachlatot20_48.pdf,2019-01-01,20,החלטת ועדת האתיקה בקובלנה של חבר הכנסת אורן חזן נגד חברת הכנסת מיכל בירן
https://main.knesset.gov.il/Activity/committees/Ethics/Decisions20/hachlatot20_47.pdf,hachlatot20_47.pdf,2019-01-01,20,"החלטת ועדת האתיקה בקובלנה של חה""כ מיקי זוהר נגד חברי הכנסת חיים ילין וסתיו שפיר"
https://main.knesset.gov.il/Activity/committees/Ethics/Decisions20/hachlatot20_46.pdf,hachlatot20_46.pdf,2019-01-01,20,החלטת ועדת האתיקה בקובלנות נגד חבר הכנסת מוסי רז בשל התבטאויותיו בישיבת ועדה
https://main.knesset.gov.il/Activity/committees/Ethics/Decisions20/hachlatot20_45.pdf,hachlatot20_45.pdf,2019-01-01,20,"החלטת ועדת האתיקה בקובלנה של חה""כ אלעזר שטרן נגד חה""כ שולי מועלם-רפאלי"
https://main.knesset.gov.il/Activity/committees/Ethics/Decisions20/hachlatot20_44.pdf,hachlatot20_44.pdf,2019-01-01,20,"החלטת ועדת האתיקה בקובלנה נגד חה""כ אחמד טיבי בעניין כניסה להר הבית"
https://main.knesset.gov.il/Activity/committees/Ethics/Decisions20/hachlatot20_43.pdf,hachlatot20_43.pdf,2019-01-01,20,"החלטת ועדת האתיקה בעניין היעדרות חברי הכנסת מישיבות הכנסת  בכנס הקיץ של המושב השלישי של הכנסת ה-20, מאי 2017 עד יולי 2017"
https://main.knesset.gov.il/Activity/committees/Ethics/Decisions20/hachlatot20_42.pdf,hachlatot20_42.pdf,2019-01-01,20,"החלטת ועדת האתיקה בעניין צירוף יועצים פרלמנטריים לנסיעות לחו""ל ולאילת במימון גורמים ציבוריים"
https://main.knesset.gov.il/Activity/committees/Ethics/Decisions20/hachlatot20_41.pdf,hachlatot20_41.pdf,2019-01-01,20,"החלטת ועדת האתיקה בקובלנה של פרופ' רבקה כרמי, נשיאת אוניברסיטת בן גוריון בנגב"
https://main.knesset.gov.il/Activity/committees/Ethics/Decisions20/hachlatot20_40.pdf,hachlatot20_40.pdf,2019-01-01,20,"החלטת ועדת האתיקה בקובלנות נגד חה""כ אורן חזן בשל התבטאויות"
https://main.knesset.gov.il/Activity/committees/Ethics/Decisions20/hachlatot20_39.pdf,hachlatot20_39.pdf,2019-01-01,20,"החלטת ועדת האתיקה בקובלנה של חה""כ אורן חזן נגד חה""כ סתיו שפיר"
https://main.knesset.gov.il/Activity/committees/Ethics/Decisions20/hachlatot20_38.pdf,hachlatot20_38.pdf,2019-01-01,20,"החלטת ועדת האתיקה בקובלנה של חה""כ אורן חזן נגד חה""כ מסעוד גנאים, אחמד טיבי ואיימן עודה בעניין קריעת מסמכים פרלמנטריים במליאת הכנסת"
https://main.knesset.gov.il/Activity/committees/Ethics/Decisions20/hachlatot20_37.pdf,hachlatot20_37.pdf,2019-01-01,20,החלטת ועדת האתיקה בקובלנות נגד חבר הכנסת מיקי מכלוף זוהר בנושא ניגוד עניינים בתפקידו כיושב ראש ועדה
https://main.knesset.gov.il/Activity/committees/Ethics/Decisions20/hachlatot20_36.pdf,hachlatot20_36.pdf,2019-01-01,20,החלטת ועדת האתיקה בקובלנה נגד חבר הכנסת אורן חזן בעניין קבלת הנחות בקשר לחתונתו
https://main.knesset.gov.il/Activity/committees/Ethics/Decisions20/hachlatot20_35.pdf,hachlatot20_35.pdf,2019-01-01,20,החלטת ועדת האתיקה בעניין קובלנה של חה''כ מיכל רוזין נגד חה''כ חזן
https://main.knesset.gov.il/Activity/committees/Ethics/Decisions20/hachlatot20_34.pdf,hachlatot20_34.pdf,2019-01-01,20,"החלטת ועדת האתיקה בקובלנות נגד חה""כ זוהיר בהלול בקשר לשידור תכניות ספורט"
https://main.knesset.gov.il/Activity/committees/Ethics/Decisions20/hachlatot20_33.pdf,hachlatot20_33.pdf,2019-01-01,20,"החלטת ועדת האתיקה בעניין היעדרות חברי הכנסת מישיבות הכנסת בכנס החורף של המושב השלישי של הכנסת ה-20, אוקטובר 2016 עד מרץ 2017"
https://main.knesset.gov.il/Activity/committees/Ethics/Decisions20/hachlatot20_32.pdf,hachlatot20_32.pdf,2019-01-01,20,"החלטת ועדת האתיקה בענין צירוף יועצים פרלמנטוריים לנסיעות לחו""ל ולאילת במימון גורמים ציבוריים"
https://main.knesset.gov.il/Activity/committees/Ethics/Decisions20/hachlatot20_31.pdf,hachlatot20_31.pdf,2019-01-01,20,"החלטת ועדת האתיקה בעניין השתתפות חה''כ אורן חזן בתכנית ""חנוך דאום מחשב מסלול מחדש"""
https://main.knesset.gov.il/Activity/committees/Ethics/Decisions20/hachlatot20_30.pdf,hachlatot20_30.pdf,2019-01-01,20,החלטת ועדת האתיקה (30/20) בעניין עליית חברי הכנסת להר הבית – החלטה מס' 3
https://main.knesset.gov.il/Activity/committees/Ethics/Decisions20/hachlatot20_29.pdf,hachlatot20_29.pdf,2019-01-01,20,החלטת ועדת האתיקה בעניין העסקת יועץ פרלמנטרי המבקש לעסוק בעיסוק נוסף
https://main.knesset.gov.il/Activity/committees/Ethics/Decisions20/hachlatot20_28.pdf,hachlatot20_28.pdf,2019-01-01,20,החלטת ועדת האתיקה בעניין היעדרות חברי הכנסת מישיבות הכנסת בכנס הקיץ של המושב השני של הכנסתה-20
https://main.knesset.gov.il/Activity/committees/Ethics/Decisions20/hachlatot20_27.pdf,hachlatot20_27.pdf,2019-01-01,20,החלטה בעניין קובלנות נגד חבר הכנסת באסל גטאס
https://main.knesset.gov.il/Activity/committees/Ethics/Decisions20/hachlatot20_26.pdf,hachlatot20_26.pdf,2019-01-01,20,"החלטה בעניין נסיעות חברי הכנסת לחו""ל במימון גופים ציבוריים - רענון ודגשים"
https://main.knesset.gov.il/Activity/committees/Ethics/Decisions20/hachlatot20_25.pdf,hachlatot20_25.pdf,2019-01-01,20,"החלטה בעניין הגשת מסמכים מזויפים לוועדת האתיקה בידי חה""כ מיקי רוזנטל"
https://main.knesset.gov.il/Activity/committees/Ethics/Decisions20/hachlatot20_24.pdf,hachlatot20_24.pdf,2019-01-01,20,"החלטת ועדת האתיקה בעניין קובלנה נגד חה""כ עליזה לביא בשל התבטאויות נגד שופט"
https://main.knesset.gov.il/Activity/committees/Ethics/Decisions20/hachlatot20_23.pdf,hachlatot20_23.pdf,2019-01-01,20,החלטת ועדת האתיקה קידום תוכניות בתקשורת המסחרית
https://main.knesset.gov.il/Activity/committees/Ethics/Decisions20/hachlatot20_22.pdf,hachlatot20_22.pdf,2019-01-01,20,"החלטת ועדת האתיקה בקובלנות שהוגשו בעקבות נאומה של חה""כ חנין זועבי במליאת הכנסת בנושא הסכם הפיוס עם טורקיה"
https://main.knesset.gov.il/Activity/committees/Ethics/Decisions20/hachlatot20_21.pdf,hachlatot20_21.pdf,2019-01-01,20,"החלטת ועדת האתיקה בקובלנות של חה""כ יהודה גליק נגד חה""כ ישראל אייכלר וחה""כ יצחק כהן"
https://main.knesset.gov.il/Activity/committees/Ethics/Decisions20/hachlatot20_20.pdf,hachlatot20_20.pdf,2019-01-01,20,החלטה בעניין סדרת קובלנות זהות
https://main.knesset.gov.il/Activity/committees/Ethics/Decisions20/hachlatot20_19.pdf,hachlatot20_19.pdf,2019-01-01,20,החלטה בענין היעדרויות חברי הכנסת בכנס החורף של המושב השני
https://main.knesset.gov.il/Activity/committees/Ethics/Decisions20/hachlatot20_18.pdf,hachlatot20_18.pdf,2019-01-01,20,החלטה של ועדת האתיקה בעניין עליית חברי הכנסת להר הבית - החלטה מס' 2
https://main.knesset.gov.il/Activity/committees/Ethics/Decisions20/hachlatot20_17.pdf,hachlatot20_17.pdf,2019-01-01,20,"החלטת ועדת האתיקה בדבר חברי הכנסת השוהים בחופשה ללא תשלום (חל""ת) ממקום עבודתם הקודם"
https://main.knesset.gov.il/Activity/committees/Ethics/Decisions20/hachlatot20_16.pdf,hachlatot20_16.pdf,2019-01-01,20,"החלטת ועדת האתיקה בענין הקובלנה נגד חה""כ מאיר פרוש בקשר להתבטאותו במליאת הכנסת נגד ""נשות הכותל"""
https://main.knesset.gov.il/Activity/committees/Ethics/Decisions20/hachlatot20_10b.pdf,hachlatot20_10b.pdf,2019-01-01,20,"החלטת ועדת האתיקה בעניין קובלנה של חה""כ אבי דיכטר וקובלים נוספים נגד חה""כ איימן עודה והחלטה עקרונית בעניין השימוש בכינויים ""רוצח"", ""מחבל"" וכד'"
https://main.knesset.gov.il/Activity/committees/Ethics/Decisions20/hachlatot20_14.pdf,hachlatot20_14.pdf,2019-01-01,20,החלטת ועדת האתיקה בענין השתתפות בעתון הנושא אופי פרסומי
https://main.knesset.gov.il/Activity/committees/Ethics/Decisions20/dec290216.pdf,dec290216.pdf,2019-01-01,20,החלטת ועדת האתיקה בענין הפרת הסכם קיזוז
https://main.knesset.gov.il/Activity/committees/Ethics/Decisions20/hachlatot20_13.pdf,hachlatot20_13.pdf,2019-01-01,20,"החלטת ועדת האתיקה בקובלנות נגד חה""כ ג'מאל זחאלקה, חנין זועבי ובאסל גטאס"
https://main.knesset.gov.il/Activity/committees/Ethics/Decisions20/hachlatot20_12.pdf,hachlatot20_12.pdf,2019-01-01,20,החלטת ועדת האתיקה בקובלנות הדדיות של חברי הכנסת אורן חזן ואיילת נחמיאס ורבין
https://main.knesset.gov.il/Activity/committees/Ethics/Decisions20/hachlatot20_11.pdf,hachlatot20_11.pdf,2019-01-01,20,החלטת ועדת האתיקה בקובלנה של שי דרומי נגד חברי הכנסת אחמד טיבי וטלב אבו עראר
https://main.knesset.gov.il/Activity/committees/Ethics/Decisions20/hachlatot20_10.pdf,hachlatot20_10.pdf,2019-01-01,20,"החלטת ועדת האתיקה בענין הקובלנות נגד חה""כ מוטי יוגב"
https://main.knesset.gov.il/Activity/committees/Ethics/Decisions20/hachlatot20_9.pdf,hachlatot20_9.pdf,2019-01-01,20,החלטה מספר 9/20 של ועדת האתיקה בקובלנות נגד חבר הכנסת אורן חזן
https://main.knesset.gov.il/Activity/committees/Ethics/Decisions20/hachlatot20_8.pdf,hachlatot20_8.pdf,2019-01-01,20,"החלטה מספר 8/20 של ועדת האתיקה בעניין קובלנות הדדיות של השר זאב אלקין וסגן יו""ר הכנסת אחמד טיבי"
https://main.knesset.gov.il/Activity/committees/Ethics/Decisions20/hachlatot20_7.pdf,hachlatot20_7.pdf,2019-01-01,20,החלטה מספר 7/20 בעניין עליית חברי הכנסת להר הבית
https://main.knesset.gov.il/Activity/committees/Ethics/Decisions20/hachlatot20_6.pdf,hachlatot20_6.pdf,2019-01-01,20,החלטה מספר 20/6 של ועדת האתיקה בעניין הגשת הצהרות הון בתחילת הכנסת ה-20
https://main.knesset.gov.il/Activity/committees/Ethics/Decisions20/hachlatot20_5.pdf,hachlatot20_5.pdf,2019-01-01,20,"החלטה בענין היעדרויות של חברי הכנסת בכנס הקיץ של המושב הראשון של הכנסת ה-20, מיום 3.5.15 עד 2.8.15"
https://main.knesset.gov.il/Activity/committees/Ethics/Decisions20/Hachlatot20_4.pdf,Hachlatot20_4.pdf,2019-01-01,20,"החלטת ועדת האתיקה בעניין הקובלות שהוגשו נגד חבר הכנסת ירון מזוז, סגן שר הפנים"
https://main.knesset.gov.il/Activity/committees/Ethics/Decisions20/Hachlatot20_3.pdf,Hachlatot20_3.pdf,2019-01-01,20,"החלטת ועדת האתיקה  בעניין הקובלנות שהוגשו נגד חה""כ אורן חזן בעניין עיסוקו בעבר"
https://main.knesset.gov.il/Activity/committees/Ethics/Decisions20/Hachlatot20_2.pdf,Hachlatot20_2.pdf,2019-01-01,20,אין עונשין אלא אם כן מזהירין
https://main.knesset.gov.il/Activity/committees/Ethics/Decisions20/Hachlatot20_1.pdf,Hachlatot20_1.pdf,2019-01-01,20,החלטת ועדת האתיקה בעניין קובלנות נגד חבר הכנסת באסל גטאס בשל השתתפותו במשט לעזה בחודש יוני 2015
https://main.knesset.gov.il/Activity/committees/Ethics/Decisions23/23-5.pdf,23-5.pdf,2020-12-07,23,החלטה מספר 5/23 בעניין קובלנות נגד חבר הכנסת יאיר גולן
https://main.knesset.gov.il/Activity/committees/Ethics/Decisions23/23-4.pdf,23-4.pdf,2020-12-07,23,החלטה מספר 4/23 של ועדת האתיקה בעניין קובלנות נגד חבר הכנסת אלי אבידר
https://main.knesset.gov.il/Activity/committees/Ethics/Decisions23/23-3.pdf,23-3.pdf,2020-12-07,23,החלטה מספר 3/23 של ועדת האתיקה בעניין השתתפות חברי הכנסת בכנסים הנערכים בישראל
https://main.knesset.gov.il/Activity/committees/Ethics/Decisions23/23-2.pdf,23-2.pdf,2020-12-07,23,החלטה מספר 2/23 של ועדת האתיקה בעניין התבטאויות חברי הכנסת
https://main.knesset.gov.il/Activity/committees/Ethics/Decisions23/Decisions23-1.pdf,Decisions23-1.pdf,2020-12-07,23,החלטה מספר 1/23 של ועדת האתיקה בעניין הגשות הצהרות הון בתחילת הכנסת ה-23
