url,revision,שם_החלטה,תקופת_כנסת,תאריך,סדר_החלטה,נושא_אדם_מעורב,אופי_תלונה,רקע,ממצאי_הוועדה,נימוקים,סוג_החלטה,תוצאה_עונש,תנאים,טקסט_מלא
https://main.knesset.gov.il/Activity/committees/Ethics/Documents/hachlatot16_35.pdf,1,"החלטת ועדת האתיקה בענין קובלנתו של ח""כ רן כהן נגד ח""כ רוחמה אברהם ואלי אפללו ובעניין קובלנתה של התנועה למען איכות השלטון נגד ח""כ ישראל כ""ץ, ח""כ רוחמה אברהם ואלי אפללו",,2005-12-05,,"ח""כ רן כהן, ח""כ רוחמה אברהם, ח""כ אלי אפללו, ח""כ ישראל כ""ץ, התנועה למען איכות השלטון","נסיעה לחו""ל במימון גוף מסחרי ללא אישור ועדת האתיקה, קבלת טובת הנאה, חשד לניגוד עניינים","ביום כ""ט בתשרי התשס""ו (1 בנובמבר 2005) הגיש חה""כ רן כהן קובלנה נגד סגני השר רוחמה אברהם ואלי אפללו בשל נסיעה לחו""ל באוגוסט 2004 במימונה של חברת ""אגרקסקו"" ללא אישור ועדת האתיקה. ביום ל' בתשרי התשס""ו (2 בנובמבר 2005) הגישה התנועה למען איכות השלטון קובלנה נגד השר ישראל כ""ץ וסגני השר אברהם ואפללו בשל נסיעות לחו""ל במימון אגרקסקו בשנים 2001 ו-2004, בטענה שלא קיבלו אישור ועדת האתיקה ויש בכך קבלת טובת הנאה וחשד לניגוד עניינים.","ועדת האתיקה הבחינה בין עניינו של השר כ""ץ לבין עניינם של סגני השר אברהם ואפללו. לגבי השר כ""ץ, הוועדה קבעה כי עד 2002 לא הייתה בהירות בנושא ולכן אין מקום לנקיטת צעדים. לגבי אברהם ואפללו, הוועדה קבעה כי נסעו במימון חברה מסחרית ללא אישור מראש, בניגוד להחלטה מפורשת, ולאחר שידעו כי בעבר לא אושרה נסיעה דומה.","הוועדה נימקה כי החלטת ועדת האתיקה בעניין נסיעות לחו""ל קובעת כי ככלל, אסורה נסיעת חבר הכנסת בהזמנת גוף עסקי ישראלי, ונסיעות מסוג זה טעונות אישור מראש של ועדת האתיקה. במקרה זה, לא הוגש אישור מראש, והנסיעה מומנה על ידי גוף עסקי. הוועדה הדגישה את החשש לניגוד עניינים וקבלת טובת הנאה.","החלטה, נזיפה",נזיפה,"הוועדה מזכירה לחברי הכנסת כי כל נסיעה לחו""ל שאינה במימון פרטי של חבר הכנסת או במימון הכנסת מחייבת קבלת אישור מראש של ועדת האתיקה, במיוחד כאשר מדובר במימון גוף שאינו ציבורי.","החלטת ועדת האתיקה
בענין קובלנתו של ח""כ רן כהן נגד ח""כ רוחמה אברהם ואלי אפללו
ובעניין קובלנתה של התנועה למען איכות השלטון נגד ח""כ ישראל ,ץ""כ רוחמה אברהם ואלי אפללו
מיום 'ד בכסלו התשס""ו - ‎5.12.2005
.‎1 הקובלנות
)א( ביום כ""ט בתשרי התשס""ו ‎1( בנובמבר )‎2005 הגיש חה""כ רן כהן קובלנה נגד סגני השר רוחמה אברהם ואלי אפללו, בשל
נסיעה לחו""ל באוגוסט ‎2004 במימונה של חברת ""אגרקסקו"". לטענת הקובל מדובר בנסיעה מבלי שהתבקש אישור מועדת
האתיקה, וזאת לאחר שהוועדה דחתה את בקשתם לגבי נסיעה דומה במימון אגרקסקו בשנת .‎2003 עוד טען הקובל כי
""חברת הכנסת אברהם אף הצהירה כי לא הגישה בקשה לאישור הנסיעה לועדה משום שהכנסת היתה בפגרה ועל סמך
האישור הקודם (וזאת למרות שבקשתה הקודמת לא אושרה בועדה!).""
)ב( ביום 'ל בתשרי התשס""ו ‎2( בנובמבר )‎2005 הגישה התנועה למען איכות השלטון בישראל קובלנה נגד השר ישראל כ""ץ
וסגני השר רוחמה אברהם ואלי אפללו, בשל נסיעה לחו""ל במימון חברת אגרקסקו - השר כ""ץ בשנת ,‎2001 וסגני השר
אברהם ואפללו בשנת .‎2004 לטענת הקובלת, מדובר בנסיעות שלא קיבלו את אישורה של ועדת האתיקה, שיש בהן משום
קבלת טובת הנאה והן אף מעלות חשד לניגוד עניינים. עוד טענה הקובלת כי סגני השר אברהם ואפללו פנו בשנת ‎2003
לוועדת האתיקה בבקשה לאשר נסיעה דומה, ולאחר שבקשתם נדחתה הם נסעו במימון של הכנסת באישור יו""ר הכנסת.
מכאן, שנסיעתם בשנת ‎2004 היתה בניגוד להחלטה של ועדת האתיקה.
.‎2 תגובת הנקבלים
)א( השר ישראל כ""ץ טען בתגובתו כי נסיעתו התקיימה לפני שועדת האתיקה קיבלה את החלטתה בדבר מימון נסיעות
לחו""ל (ביום 'ל בשבט התשס""ב - ,)‎12.2.02 ולכן היתה בהתאם לכללים שהיו נהוגים באותה עת. עוד ציין השר כ""ץ כי
חברי כנסת רבים נסעו באותה תקופה לחו""ל על חשבון אגרקסקו מבלי שקיבלו לכך אישור.
לדבריו:
""נסיעה זו נעשתה בהתאם לכל הכללים שנהגו באותה תקופה בכנסת, השינוי שחל לאחר מכן ודאי שאינו חל למפרע
על הנסיעה האמורה.""
)ב( סגנית השר רוחמה אברהם טענה כי ראתה בנסיעה בשנת ‎2004 נסיעת המשך לנסיעה קודמת שאושרה על ידי יו""ר
הכנסת ונעשתה במימון הכנסת, ולכן מדובר בטעות שנעשתה בתום לב.
לדבריה:
""ביולי ‎2003 פנינו לוועדת האתיקה בעניין ביקור מקצועי מטעם חברת אגרקסקו באירופה וועדת האתיקה דחתה את
בקשתי. יו""ר הכנסת על פי סמכותו סבר שהביקור המקצועי חשוב ולכן אישר לי לנסוע במימון הכנסת. לא הוגשה על
ידי בקשה נוספת ליו""ר הכנסת לנסיעת המשך של אותו סיור מקצועי לארה""ב. עצם העובדה שיו""ר הכנסת אישר את
ביקורי הראשון מעידה כי אין מחלוקת לגבי חשיבותו וחוקיותו של הביקור המקצועי. אני מודה כי טעיתי, טעיתי בכך
שלגבי המשך הסיור עם חברת אגרקסקו לארה""ב לא הוגשה בקשה נוספת על ידי ליו""ר הכנסת. הדבר נעשה בתום לב
מוחלט!
)ג( סגן השר אלי אפללו ציין גם הוא כי מדובר בסיור שני, לאחר שהסיור הקודם אושר בידי יו""ר הכנסת ומומן בידי הכנסת.
לדבריו:
""יחד עם מתן תשובתי החיובית להזמנה, הודעתי למנכ""ל אגרקסקו מר שלמה תירוש כי בכוונתי לשאת בהוצאות
הנסיעה, וסוכם עימו כי לאחר שובי לארץ, יעביר אלי את החשבון לתשלום. במהלך חודש ספטמבר שבתי לארץ לאחר
הסיור בארצות הברית, אשר עסק רובו ככולו בענייני עבודה. שבועות ספורים לאחר מכן, ובטרם הועבר אלי חשבון
ההוצאות, חליתי במחלה קשה, אשר נטרלה אותי לחלוטין מכל פעילות, ואשר בעטיה אושפזתי למשך קרוב ‎3-ל
חודשים... לצערי הרב, במהלך החודשים בהם שהיתי בבית החולים, וכן בתקופת ההתאוששות שלאחר מכן, ובלהט
הארועים שהתרחשו בכנסת ומחוצה לה, נשכח ממני עניין התשלום... מיד כאשר התגלה לי הדבר שילמתי באורח
מיידי את הוצאות הנסיעה.""
סגנית השר אברהם ואפללו ציינו שניהם כי מדובר בנסיעה מקצועית בעלת חשיבות לתפקידם כחברי הכנסת. שניהם
אף השיבו לחברת אגרקסקו את עלות הנסיעה מיד לאחר פרסום הנושא.
סגנית השר אברהם הודיעה לוועדה כי השיבה את הכסף לחברה ""אך ורק בשל הרגישות הציבורית בין שהיא במקומה
ובין שהיא איננה במקומה.""
.3 החלטת הוועדה
3.1 ועדת האתיקה סבורה כי יש להבחין בין עניינו של השר כ""ץ לבין עניינם של סגני השר אברהם ואפללו.
3.2 לעניין השר ,ץ""כ מצאה הוועדה כי אכן, עד שנת ‎2002 היתה קיימת אי בהירות בדבר אפשרותם של חברי הכנסת לנסוע
לחו""ל במימון חיצוני. הדבר הוביל לקבלת החלטה מפורטת בנושא, המחייבת קבלת אישור מראש של ועדת האתיקה לכל
נסיעה כזו. אולם התברר כי קודם לכן, חברי כנסת רבים נסעו לחו""ל מבלי שביקשו או קיבלו אישור לכך, ונסיעות לא מעטות היו
במימון חברת אגרקסקו.
לפיכך, מחליטה ועדת האתיקה כי אין מקום לנקיטת צעדים על ידה בענין.‎
3.3 המצב שונה לעניין סגני השר אברהם ואפללו, אשר נסעו לחו""ל במימון חברה מסחרית, מבלי שביקשו אישור מראש מאת
ועדת האתיקה למרות החלטה מפורשת בנושא, ולאחר שידעו כי בעבר לא אישרה הוועדה נסיעה דומה. אמנם, הנסיעה
הקודמת אושרה בידי יו""ר הכנסת, אך היא גם מומנה בידי הכנסת, ובכך טמון הבדל גדול.
החלטת ועדת האתיקה בעניין נסיעות לחו""ל קובעת כי ככלל, אסורה נסיעת חבר הכנסת בהזמנת גוף עסקי ישראלי. לעניין
השתתפות בסיור לימודי בחו""ל המאורגן על ידי גופים ישראליים, קובעת החלטת ועדת האתיקה כך:
נסיעות מסוג זה טעונות אישור מראש של ועדת האתיקה.
‎5.1"" ועדת האתיקה לא תאשר נסיעות מסוג זה אלא אם כן הוכח להנחה דעתה כי ישנה חשיבות והצדקה לסיור.
‎5.2 שיקולי ועדת האתיקה יהיו, בין היתר, האינטרס שיש לכנסת או לוועדה מוועדותיה בסיור וכן כי לא קיימת אפשרות ממשית
של ניגוד ענינים.
5.3 לצורך קבלת ההחלטה של ועדת האתיקה צריכים להתקיים כל אלה:
‎ )א( הוגשה המלצה בכתב של הוועדה הנוגעת בדבר תוך פירוט שמותיהם של חברי הכנסת המיועדים לצאת לסיור;
)ג( הוגשה תוכנית מפורטת של הסיור.
4.5 אם למזמינים אינטרס כלכלי כלשהו (למשל הזמנת חברי ועדת הכספים לסיור בחו""ל על ידי ארגון מגדלי הפרחים לצורך
הכרת ענף יצוא זה) - ימומן הסיור על ידי הכנסת.
אם נראה על פני הדברים כי למזמינים אין אינטרס כלכלי ישיר (למשל הזמנה של התנועה לפלורליזם או התנועה למען חוקה
בישראל או הזמנה של לשכת מסחר לקידום יחסי הסחר בין מדינת ישראל לבין מדינה זרה) - אין מניעה כי הסיור ימומן על ידי
הגוף המזמין.
5.5 יודגש כי בכל מקרה על חברי הכנסת המשתתפים בסיור להימנע מניגוד ענינים בינם לבין המזמינים.
במקרה של חשש לניגוד עניינים על חברי הכנסת להימנע בעתיד מהשתתפות בהצבעות הקשורות באופן ישיר לגוף שמימן את
נסיעתם.""
3.4 לאור האמור לעיל, מחליטה ועדת האתיקה להטיל על סגנית השר רוחמה אברהם ועל סגן השר אלי אפללו נזיפה.
3.5 בסיום החלטתה מבקשת ועדת האתיקה לשוב ולהזכיר לחברי הכנסת כי כל נסיעה לחו""ל שאינה במימון פרטי של חבר
הכנסת או במימון הכנסת, מחייבת קבלת אישור מראש של ועדת האתיקה. הדברים נכונים במיוחד כאשר מדובר בנסיעה
שאינה במימון גוף ציבורי, שבה החשש מפני קבלת מתנה אסורה או קיומו של ניגוד עניינים גדול במיוחד.
.‎4 החלטת הוועדה תונח על שולחן הכנסת."
https://main.knesset.gov.il/Activity/committees/Ethics/Documents/hachlatot16_34.pdf,1,החלטת ועדת האתיקה בענין שימוש במכונות הצילום של הכנסת,,2005-11-29,,חברי הכנסת שעשו שימוש נרחב במכונות הצילום של הכנסת לצורכי מפלגתם,שימוש בציוד הכנסת לצרכים מפלגתיים,"בעקבות קובלנתו של חבר הכנסת ראובן ריבלין, יושב ראש הכנסת, בעניינים של חברי הכנסת שעשו שימוש נרחב במכונות הצילום של הכנסת לצורכי מפלגתם.",ועדת האתיקה מבהירה כי מכונות הצילום מיועדות לשימוש לצרכי העבודה הפרלמנטרית בלבד.,"אין לעשות שימוש בציוד הכנסת בכלל, ובמכונות הצילום בפרט, לצרכים מפלגתיים, אישיים או אחרים.",הבהרה,,,"החלטת ועדת האתיקה
בענין שימוש במכונות הצילום של הכנסת
מיום כ""ז בחשון התשס""ה - ‎29.11.2005
בעקבות קובלנתו של חבר הכנסת ראובן ריבלין, יושב ראש הכנסת, בעניינים של חברי הכנסת שעשו
שימוש נרחב במכונות הצילום של הכנסת לצורכי מפלגתם, מבקשת ועדת האתיקה להבהיר כי
מכונות הצילום המוצבות במשכן הכנסת מיועדות לשימושם של חברי הכנסת, עובדי הסיעות
והעוזרים הפרלמנטריים, לצרכי העבודה הפרלמנטרית בלבד. אין לעשות שימוש בציוד הכנסת בכלל,
ובמכונות הצילום בפרט, לצרכים מפלגתיים, אישיים או אחרים."
https://main.knesset.gov.il/Activity/committees/Ethics/Documents/hachlatot16_33.pdf,1,"החלטת ועדת האתיקה בענין קובלנתו של יו""ר הכנסת, ח""כ ראובן ריבלין נגד ח""כ מיכאל גורלובסקי",,2005-11-01,,"ח""כ מיכאל גורלובסקי","סירוב לציית להוראות יו""ר הכנסת, הפרת כללי אתיקה","ביום י""ד באייר התשס""ה, 23 במאי 2005, נכנס ח""כ גורלובסקי למליאת הכנסת כשהוא חובש כובע כתום כאקט של הפגנה. יו""ר הכנסת ביקש ממנו להסיר את הכובע, אך ח""כ גורלובסקי סירב, גם לאחר מספר בקשות. יו""ר הכנסת קרא לו לסדר שלוש פעמים, ומשלא נענה, ביקש ממנו לעזוב את המליאה. ח""כ גורלובסקי סירב, ולבסוף נאלץ יו""ר הכנסת להורות לסדרנים ולמשמר הכנסת להוציאו. רק אז עזב ח""כ גורלובסקי את המליאה.","ועדת האתיקה סבורה כי בהתנהגותו הפר ח""כ מיכאל גורלובסקי את כללי האתיקה, ובפרט את סעיף 68 לתקנון הכנסת, המחייב חבר כנסת לציית להוראות היושב ראש בזמן הישיבות. נקבע כי לא מסור לחבר הכנסת שיקול דעת אם לציית להוראות היושב ראש בזמן קיום ישיבות המליאה.","הוועדה נימקה כי חבר הכנסת חייב לציית להוראות היושב ראש בזמן הישיבות, וזכותו לערער עליהן בפני ועדת הכנסת. כמו כן, על חבר הכנסת לשמור על כבוד הכנסת וכבוד חבריה, לנהוג בדרך ההולמת את מעמדו ולמנוע שימוש בלתי ראוי בזכויותיו.",החלטה,נזיפה,,"החלטת ועדת האתיקה
בענין קובלנתו של יו""ר הכנסת, ח""כ ראובן ריבלין נגד ח""כ מיכאל גורלובסקי
מיום כ""ט בתשרי התשס""ו - ‎1.11.2005
.‎1 הקובלנה
ביום י""ד באייר התשס""ה ‎23( במאי )‎2005 הגיש חה""כ ראובן (רובי) ריבלין, יו""ר הכנסת, קובלנה נגד חה""כ מיכאל גורלובסקי.
בקובלנתו תאר יו""ר הכנסת את השתלשלות העניינים, נשוא הקובלנה, כדלקמן:
""היום, יום שני, י""ד באייר התשס""ה, ‎23 במאי ,‎2005 בסמוך לפתיחת ישיבת הכנסת, נכנס למליאה ח""כ גורלובסקי כשהוא
חבוש כובע כתום, כאקט של הפגנה.
מיד ביקשתי ממנו להסיר את הכובע, מאחר שבמליאת הכנסת אין מתירים הפגנות כלשהן.
ח""כ גורלובסקי סירב, והמשיך בסירובו אף לאחר שחזרתי על הבקשה מספר פעמים.
בשלב זה, קראתי את ח""כ גורלובסקי לסדר שלוש פעמים, ומשלא נענה - ביקשתי מח""כ גורלובסקי לעזוב את המליאה. ח""כ
גורלובסקי סירב.
בשלב זה נאלצתי להורות לסדרני הכנסת להוציא את ח""כ גורלובסקי מאולם המליאה. הסדרנים ניגשו אליו וביקשו ממנו
להתלוות אליהם החוצה. ח""כ גורלובסקי סירב.
בשלב זה, נאלצתי להכריז על הפסקת ישיבת הכנסת, ולהזעיק את משמר הכנסת, על מנת שאנשיו יוציאו את ח""כ גורלובסקי
מאולם המליאה.
רק בשלב זה, ניאות לבסוף ח""כ גורלובסקי לעזוב את אולם המליאה, ורק אז התאפשר חידוש ישיבת הכנסת שהופסקה.""
.‎2 תגובת הנקבל
בעדותו בפני ועדת האתיקה אמר ח""כ גורלובסקי, כי לדעתו הוראתו של יו""ר הכנסת היתה בלתי סבירה, ואף יותר מזה, כלשונו:
""בעיני הדרישה של יו""ר הכנסת לצאת מהמליאה או להוריד את הכובע היתה פקודה בלתי חוקית. כי אני לא חושב שראוי
שיושב ראש הכנסת יתערב בשאלה מה אני לובש, איך אני הולך ומה העדיפות שאני נותן לצבעים.""
גם בהמשך, לאחר שהובהר לנקבל כי ועדת האתיקה אינה דנה בנושא הכובע וצבעו, אלא אך ורק בסירובו לצאת מאולם
המליאה לאחר שיו""ר הכנסת בקשו לעשות כן שלוש פעמים ולא נענה, אומר ח""כ גורלובסקי:
""ישבתי במליאה, לא פתחתי את הפה, לא הפרעתי לניהול הישיבה, פשוט לבשתי בגד כלשהו שהיה בצבע שלא מוצא חן בעיני
יושב ראש הכנסת. הדרישה היתה לא סבירה בעיני.""
.‎3 החלטת הוועדה
3.1 ‎ ועדת האתיקה סבורה כי בהתנהגותו הפר ח""כ מיכאל גורלובסקי את כללי האתיקה:
סעיף ‎68 לתקנון הכנסת קובע לאמור:
ציות להוראות"" )א( חבר הכנסת חייב בזמן הישיבות לציית להוראות היושב ראש
)ב( חבר הכנסת שנפגע על ידי החלטה, הערה או הרואה של היושב ראש רשאי לערער לפני ועדת הכנסת; החלטת ועדת
הכנסת תהא סופית"".
3.2 עינינו הרואות: בזמן קיום ישיבות המליאה לא מסור לחבר הכנסת שיקול דעת אם לציית להוראותיו של היושב ראש, אם
לאו; עליו לציית להוראה כזו, כשזכותו, כמובן, לערער עליה לפני ועדת הכנסת.
""ערכים כלליים .א1 חבר הכנסת - ...
(4)ישמור על כבוד הכנסת וכבוד חבריה, יהיה מסור למילוי תפקידיו בכנסת, ינהג בדרך ההולמת את מעמדו כחבר הכנסת
ויעשה לטיפוח אמון הציבור בכנסת.
כבוד הכנסת .2 חבר הכנסת ישמור על כבוד הכנסת וכבוד חבריה, ינהג בדרך ההולמת את מעמדו ואת חובותיו כחבר הכנסת,
ויימנע משימוש בלתי ראוי בחסינויותיו ובזכויותיו כחבר הכנסת.""
‎3.3 בהתחשב באמור לעיל, ובהתאם להוראות סעיף )ג(‎70 לתקנון הכנסת, החליטה ועדת האתיקה להטיל על חבר הכנסת
גורלובסקי נזיפה.
3.4 בסיום החלטתה מבקשת ועדת האתיקה להדגיש, כי היא לא דנה בשאלה, אם עצם החלטתו של היושב ראש לדרוש את
הסרת הכובע הכתום ראויה, אם לאו, אלא רק בשאלה אם היה על חבר הכנסת גורלובסקי לציית להוראת היושב ראש להסיר
את הכובע מראשו, ולכך, כאמור, נתנה תשובה חיובית חד-משמעית.
החלטת הוועדה תונח על שולחן הכנסת."
https://main.knesset.gov.il/Activity/committees/Ethics/Documents/hachlatot16_32.pdf,1,"החלטת ועדת האתיקה בענין קובלנתם של ח""כ אריה אלדד וח""כ אורי אריאל נגד ח""כ עסאם מח'ול",,2005-07-26,,"ח""כ עסאם מח'ול","שימוש בביטויים חמורים ביותר, גידופים, הפרת כללי אתיקה","קובלנתם של חברי הכנסת אריה אלדד ואורי אריאל מתייחסת לדיון שהתקיים במליאת הכנסת ביום 9.11.04, שבמסגרתו עשה ח""כ עסאם מח'ול, לטענתם, שימוש בביטויים חמורים ביותר כלפי ח""כ אלדד, כולל גידופים ודברים שאין מקום לסבול אותם.","ועדת האתיקה סבורה כי התבטאויותיו של ח""כ עסאם מח'ול במהלך ישיבת הכנסת נשוא קובלנה הינן חמורות ביותר, ואין לסבול ביטויים כאלה מצד חבר הכנסת. באמירות אלה יש משום הפרה של ערכי היסוד הקבועים בכלל א1 לכללי האתיקה לחברי הכנסת.","הוועדה נימקה כי באמירותיו של ח""כ מח'ול יש משום הפרה של ערכי היסוד הקבועים בכלל א1 לכללי האתיקה לחברי הכנסת, במיוחד שמירה על כבוד הכנסת וכבוד חבריה, אחריות, יושר, הגינות, ודוגמה אישית להתנהגות ראויה. עם זאת, צוין כי זו הפעם הראשונה שח""כ מח'ול התנצל על התבטאויותיו והסכים כי אינן ראויות.",נזיפה חמורה,נזיפה חמורה,"אם ח""כ מח'ול יחזור על התבטאויות מעין אלה פעם נוספת, תתייחס הוועדה להתנצלות במקרה זה כהתנצלות שהיתה מן השפה ולחוץ, ותביא זאת בין שיקוליה בעתיד.","החלטת ועדת האתיקה
בענין קובלנתם של ח""כ אריה אלדד וח""כ אורי אריאל נגד ח""כ עסאם מח'ול
מיום י""ט בתמוז התשס""ה - ‎26.7.2005
.‎1 הקובלנה
‎1.1 קובלנתם של חברי הכנסת אריה אלדד ואורי אריאל, מיום כו' בחשוון התשסה"" - )‎10.11.04( מתייחסת לדיון שהתקיים
במליאת הכנסת ביום כ""ה בחשוון התשס""ה ,)‎9.11.04( שבמסגרתו עשה ח""כ עסאם מח'ול, לטענתם, שימוש בביטויים חמורים
ביותר. לטענתם, לאחר שח""כ אלדד סיים דבריו במליאה ועשה דרכו למושבו, בעוברו ליד ח""כ מח'ול התפרץ האחרון כלפיו
בגידופים ואמר דברים שאין מקום לסבול אותם.
‎1.2 ועדת האתיקה בדקה את פרוטוקול הדיון במליאת הכנסת ולהלן ציטוטים נבחרים ממנו:
עסאם מח'ול :)ל""עת-ש""דח(
""חבל שאתה לא נואם בגרמנית, זה מתאים לך יותר. פשיסט. כמה מתלבש עליך לנאום בגרמנית. לך תסתכל בראי..""
""כמה מתאים לך לנאום בגרמנית. אתה גרמני נאצי, זה מה שאתה. פשיסט נאצי"".
1.3 ‎בקובלנתו טען ח""כ אלדד, כי חה""כ מח'ול אמר לו אף דברים חמורים יותר, אך אלה לא נקלטו ולא באו לידי ביטוי בפרוטוקול
הדיון
1.4 חה""כ מח'ול, שהוזמן להציג את תגובתו בפני ועדת האתיקה, אכן עשה זאת, ובמהלך הופעתו בפני ועדת האתיקה, התנצל
על דבריו, למרות שניסה להסביר את הנסיבות החריגות שהביא אותו להיגרר לאותן התבטאויות ‎
.‎2 החלטת הוועדה
2.1 ועדת האתיקה סבורה כי התבטאויותיו של ח""כ עסאם מח'ול במהלך ישיבת הכנסת נשוא קובלנה הינן חמורות ביותר, ואין
לסבול ביטויים כאלה מצד חבר הכנסת. באמירות אלה יש משום הפרה של ערכי היסוד הקבועים בכלל א‎1 לכללי האתיקה
לחברי הכנסת, ובעיקר אלה המפורטים בסעיף )‎4( -ו ,)‎5( שנוסחם הוא:
.א1"" חבר הכנסת - ...
)4( ישמור על כבוד הכנסת וכבוד חבריה, יהיה מסור למילוי תפקידיו בכנסת, ינהג בדרך ההולמת את מעמדו כחבר הכנסת
ויעשה לטיפוח אמון הציבור בכנסת.
)5( ימלא את שליחותו בכנסת באחריות, ביושר ובהגינות, מתוך מחויבות למעמדו כמנהיג בחברה, וישאף לשמש דוגמה אישית
להתנהגות ראויה.""
‎‎2.2 ח""כ עסאם מח'ול עבר לא פעם על כללי האתיקה, בעיקר בהקשר להתבטאויותיו ולהתנהגותו.
עם זאת, היתה זו הפעם הראשונה שח""כ מח'ול התנצל על התבטאויותיו והסכים לכך שהתבטאויות כאלה אינן צריכות לשמש
בדו-שיח הפרלמנטרי במדינת ישראל.
לפיכך, החליטה ועדת האתיקה, בתוקף סמכותה לפי סעיף )ב‎3()ד(ד‎13 לחוק חסינות חברי הכנסת, זכויותיהם וחובותיהם,
,‎1951-א""ישתה שלא למצות, בפעם הזאת, את הדין עם ח""כ מח'ול, ולהסתפק בנזיפה חמורה.
עם זאת, קובעת ועדת האתיקה, כי אם ח""כ מח'ול יחזור על התבטאויות מעין אלה פעם נוספת, תתייחס הוועדה להתנצלות
במקרה זה כהתנצלות שהיתה מן השפה ולחוץ, ותביא זאת בין שיקוליה בעתיד.
‎2.3 החלטת ועדת האתיקה שהתקבלה ברוב קולות של חבריה תונח על שולחן הכנסת."
https://main.knesset.gov.il/Activity/committees/Ethics/Documents/hachlatot16_31.pdf,1,"החלטת ועדת האתיקה בענין קובלנתו של ח""כ אורי אריאל נגד ח""כ עסאם מח'ול",,2005-07-19,,"ח""כ עסאם מח'ול","פגיעה בכבוד הכנסת, פגיעה בכבוד חברי הכנסת, ערעור אמון הציבור בכנסת, הפרת כללי האתיקה","קובלנתו של ח""כ אורי אריאל מתייחסת לדיון שהתקיים במליאת הכנסת ביום 22 בדצמבר 2004, שבמסגרתו התבטא ח""כ עסאם מח'ול בחריפות ובגסות נגד ועדת האתיקה, ובין היתר, לטענת הקובל, אמר שהיא כלי למעשי טרור והעומד בראשה הוא פשיסט מוצהר.","ועדת האתיקה סבורה כי בהתבטאויותיו ובהתנהגותו של ח""כ עסאם מח'ול במהלך ישיבת הכנסת נשוא הקובלנה יש משום הפרה של כללי האתיקה. ועדת האתיקה היא חלק ממוסדות הכנסת ובפגיעה במוסד זה, יש הן משום פגיעה בכבוד הכנסת ובכבוד חבריה, בניגוד לכלל (4)(א)1 -ו 2 לכללי האתיקה לחברי הכנסת והן משום חשש לערעור אמון הציבור בכנסת, בניגוד לאמור בכלל (4)(א)1 האמור.","אין זו הפעם הראשונה שח""כ עסאם מח'ול בהתבטאויותיו ובהתנהגותו מפר את כללי האתיקה. בהתחשב באמור לעיל החליטה ועדת האתיקה, בתוקף סמכותה לפי סעיף (ב3)(ד)(ד13) לחוק חסינות חברי הכנסת, זכויותיהם וחובותיהם, 1951, לשלול את זכותו של ח""כ עסאם מח'ול לקבל רשות דיבור במליאה במהלך יום ישיבה אחד.",החלטה,שלילת זכות דיבור במליאה במהלך יום ישיבה אחד,,"החלטת ועדת האתיקה
בענין קובלנתו של ח""כ אורי אריאל נגד ח""כ עסאם מח'ול
מיום י""ב בתמוז התשס""ה - ‎19.7.2005
.‎1 הקובלנה
‎1.1 קובלנתו של ח""כ אורי אריאל מיום 'י בטבת התשס""ה, מתייחסת לדיון שהתקיים במליאת הכנסת ביום ‎22 בדצמבר ,‎2004
שבמסגרתו התבטא בחריפות ובגסות נגד ועדת האתיקה, ובין היתר, לטענת הקובל, אמר שהיא כלי למעשי טרור והעומד
בראשה הוא פשיסט מוצהר.
1.2 ‎ועדת האתיקה בדקה את פרוטוקול הדיון במליאת הכנסת ולהלן ציטוטים נבחרים ממנו:
עסאם מח'ול :)ל""עת-ש""דח(
""אני רוצה להסביר את ההסתייגות שלי, שכולן לעניין. אני חושב שהשאלה של טרור וניסיון להפעיל טרור דווקא על-ידי ובשם
האתיקה, זה חלק מהעניין שצריך להעסיק אותנו"".
...
""אני חושב שלטרור יש גם צורות יותר אלגנטיות. אני רואה את החלטת ועדת האתיקה שהודיעה עליה כרגע סגנית מזכיר
הכנסת, ואני חושב שיש דבר לא אתי וצריך להגיע לכל הפרלמנטים בעולם, בכך שעומד בראש ועדת האתיקה בכנסת אדם בעל
תפיסת עולם גזענית, טרנספריסטית פשיסטית והוא לא מתבייש בכך. הוא מחליט להשתמש בוועדת האתיקה ככלי לחסימת
ויכוח פוליטי, וויכוח פוליטי כואב ונוקב איתו אישית"".
...
""אני לא מכיר בוועדת אתיקה כזאת. זו ועדה אנטי אתיקה"".
.‎2 תגובת הנקבל
ח""כ מח'ול, שהתבקש להגיב לקובלנה, לא עשה כן, לעומת זאת, פנה ח""כ מח'ול ליו""ר הכנסת בבקשה להחליף את הרכב
הוועדה הדנה בקובלנות נגדו, ויו""ר הכנסת, לאחר ששקל הבקשה, החליט לדחותה.
.3 החלטת הוועדה
ועדת האתיקה סבורה כי בהתבטאויותיו ובהתנהגותו של ח""כ עסאם מח'ול במהלך ישיבת הכנסת נשוא הקובלנה יש משום
הפרה של כללי האתיקה. ועדת האתיקה היא חלק ממוסדות הכנסת ובפגיעה במוסד זה, יש הן משום פגיעה בכבוד הכנסת
ובכבוד חבריה, בניגוד לכלל )‎4(א‎1 -ו ‎2 לכללי האתיקה לחברי הכנסת והן משום חשש לערעור אמון הציבור בכנסת, בניגוד
לאמור בכלל )‎4(א‎1 האמור.
‎2.2 אין זו הפעם הראשונה שח""כ עסאם מח'ול בהתבטאויותיו ובהתנהגותו מפר את כללי האתיקה.
2.3 בהתחשב באמור לעיל החליטה ועדת האתיקה, בתוקף סמכותה לפי סעיף )ב‎3()ד(ד‎13 לחוק חסינות חברי הכנסת,
זכויותיהם וחובותיהם, ,‎1951-א""ישתה לשלול את זכותו של ח""כ עסאם מח'ול לקבל רשות דיבור במליאה במהלך יום ישיבה
אחד.
‎‎2.4 החלטת הוועדה תונח על שולחן הכנסת."
https://main.knesset.gov.il/Activity/committees/Ethics/Documents/hachlatot16_30.pdf,1,החלטת ועדת האתיקה בענין נסיעות חברי הכנסת לארצות אויב,,2005-06-21,,נסיעות חברי הכנסת לארצות אויב,נסיעה לארצות אויב בניגוד להוראות הדין,"ביום ט""ו באייר התשס""ה - ‎24 במאי ,‎2005 אגב דיון בקובלנה שהוגשה לועדת האתיקה, התעוררה סוגיית נסיעתם של חברי הכנסת לארצות מסויימות, בניגוד להוראות הדין.","ועדת האתיקה מצאה כי יש להדגיש בפני חברי הכנסת כי יציאה לארצות אויב אסורה, והחסינות המהותית אינה פוטרת מאיסור זה.","הוראות הדין, ובפרט סעיף 5 לתוספת לפקודת הארכת תוקף של תקנות שעת-חירום (יציאה לחוץ לארץ), גוברות על חסינות חברי הכנסת, ולכן חל איסור על נסיעה לארצות אויב ללא היתר.",החלטה,,,"החלטת ועדת האתיקה
בענין נסיעות חברי הכנסת לארצות אויב
מיום י""ד בסיון התשס""ה - ‎21 ביוני ‎2005
ביום ט""ו באייר התשס""ה - ‎24 במאי ,‎2005 אגב דיון בקובלנה שהוגשה לועדת האתיקה, התעוררה סוגיית נסיעתם של חברי
הכנסת לארצות מסויימות, בניגוד להוראות הדין.
על מנת למנוע מכשול כתוצאה מחוסר בהירות, החליטה ועדת האתיקה לשוב ולהפנות את תשומת לב חברי הכנסת לכך, שעל
יציאה מהארץ לאחת מהמדינות המנויות בסעיף א‎2 לחוק למניעת הסתננות (עבירות ושיפוט), ,‎1954-ד""ישתה הידועות בכינוי
""מדינות אויב"", חל איסור, והחסינות המהותית של חברי הכנסת אינה פוטרת מאיסור זה ואינה חלה עליהם.
וזו לשון הוראות הדין המתייחסות לענין זה:
חוק למניעת הסתננות (עבירות ושיפוט), :‎1954-ד""ישתה
""יציאה שלא כדין .א‎2 היוצא, ביודעין ושלא כדין, מישראל ללבנון, לסוריה, למצרים, לעבר-הירדן, לסעודיה, לעיראק,
לתימן או לכל חלק מארץ-ישראל שמחוץ לישראל, דינו - מאסר ארבע שנים או קנס חמשת אלפים
לירות.""
התוספת לפקודת הארכת תוקף של תקנות שעת-חירום (יציאה לחוץ לארץ), :‎1948-ט""שתה
""היתר ליציאה .‎5 על אף האמור בכל דין, לא יצא אדם לאחת הארצות המפורטות בסעיף א‎2 לחוק למניעת הסתננות
לארצות (עבירות ושיפוט), ,‎1954-ד""ישתה אלא בהיתר משר הפנים[1‎] או מראש הממשלה, ולא ייכנס אזרח
מסויימות ישראלי או תושב ישראלי בכל דרך שהיא לאחת מארצות אלה אלא בהיתר כאמור.""
כעולה מלשון סעיף ‎5 לתוספת האמורה, הוראה זו חלה ""על אף האמור בכל דין""; מכאן, שהיא גוברת גם על הוראת סעיף ‎1
לחוק חסינות חברי הכנסת, זכויותיהם וחובותיהם, ,‎1951-א""ישתה הקובעת את חסינות חברי הכנסת במילוי תפקידם (הידועה
גם כחסינות העניינית או החסינות המהותית).
כנראה שלא מיותר לציין, כי חבר הכנסת הפועל בניגוד להוראות הדין האמור מבצע לא רק עבירה פלילית, אלא, על פני
הדברים, גם עבירה אתית.
--------------------------------------------------------------------------------
]‎1[ היתר יציאה לירדן פורסם בי-פ ,‎4260 התשנ""ה ,)‎13.11.1994( עמ' .‎597 כמו כן הואצלה למנהל מינהל האוכלוסין במשרד
הפנים סמכות להחליט על מי לא יחול היתר זה."
https://main.knesset.gov.il/Activity/committees/Ethics/Documents/hachlatot16_29.pdf,1,החלטת ועדת האתיקה בענין חוברות ומגזינים חגיגיים לציון פעילות ציבורית של שר או חבר הכנסת,,2005-03-22,,"השר מאיר שטרית, ח""כ מל פולישוק-בלוך","השתתפות בחוברת מסחרית לציון פעילות ציבורית, מימון על ידי גורמים עסקיים","בעקבות פרסומו של מגזין חגיגי ""לראות מעבר לאופק - מאיר שטרית - תחנות בדרך לפסגה"", לציון 30 שנות פעילות ציבורית של השר מאיר שטרית, שצורף לקוראי העיתון ""מעריב"", ובעקבות קובלנה בענין זה של ח""כ מל פולישוק-בלוך.","בהוצאת חוברת לציון פועלו של שר או חבר הכנסת על ידי גורמים עיסקיים ובהכללת מודעות פרסומת מסחריות בה יש משום מראית עין של מתן טובת הנאה על ידי הגוף המסחרי לנבחר הציבור בתפקידו הציבורי. במימון חוברת כאמור באמצעות מודעות פרסומת מסחריות יש משום מראית עין של מתן חסות על ידי השר או חבר הכנסת לגופים המפרסמים ושל ניסיון, בלתי ראוי, להשפיע על ציבור הבוחרים.","מטרתן של הוראות אלה הינה למנוע פרסומים מן הסוג האמור, הנתמכים וממומנים על ידי גורמים עסקיים - מסחריים. הציבור רשאי לדרוש מנבחריו שהיושרה שלהם כנבחרי הציבור תהיה ללא דופי, ושיתוף פעולה לגבי חוברת מן הסוג האמור יש בו כדי להעמיד במבחן יושרה זו.",החלטה,איסור על השתתפות בחוברות מסחריות מסוג זה,אסור לשרים ולחברי הכנסת להשתתף בחוברות מסחריות מסוג זה.,"החלטת ועדת האתיקה
בענין חוברות ומגזינים חגיגיים לציון פעילות ציבורית של שר או חבר הכנסת
מיום י""א באדר 'ב התשס""ה ‎22( במרץ )‎2005
בעקבות פרסומו של מגזין חגיגי ""לראות מעבר לאופק - מאיר שטרית - תחנות בדרך לפסגה"", לציון ‎30 שנות פעילות ציבורית
של השר מאיר שטרית, שצורף לקוראי העיתון ""מעריב"", ובעקבות קובלנה בענין זה של ח""כ מל פולישוק-בלוך, החליטה ועדת
האתיקה לאמור:
.‎1 במסגרת תקציב הקשר עם הציבור, אשר לו זכאי שר וחבר הכנסת לפי פרק 'ה להחלטת שכר חברי הכנסת (הענקות
ותשלומים), ,‎2001-א""סשתה רשאים הם לשלוח לציבור בוחריהם ""איגרת לבוחר"" ובה פירוט פעילותם הציבורית.
מטרתן של הוראות אלה הינה למנוע פרסומים מן הסוג האמור, הנתמכים וממומנים על ידי גורמים עסקיים - מסחריים.
.‎2 בהוצאת חוברת לציון פועלו של שר או חבר הכנסת על ידי גורמים עיסקיים ובהכללת מודעות פרסומת מסחריות בה יש
משום מראית עין של מתן טובת הנאה על ידי הגוף המסחרי לנבחר הציבור בתפקידו הציבורי.
הציבור רשאי לדרוש מנבחריו שהיושרה שלהם כנבחרי הציבור תהיה ללא דופי, ושיתוף פעולה לגבי חוברת מן הסוג האמור יש
בו כדי להעמיד במבחן יושרה זו.
.‎3 זאת ועוד, במימון חוברת כאמור באמצעות מודעות פרסומת מסחריות יש משום מראית עין של מתן חסות על ידי השר או
חבר הכנסת לגופים המפרסמים ושל ניסיון, בלתי ראוי, להשפיע על ציבור הבוחרים, שהוא גם קהל היעד של הגופים
המפרסמים, לצרוך את המוצרים נושא הפרסומות.
.‎4 לפיכך, קובעת ועדת האתיקה כי אסור לשרים ולחברי הכנסת להשתתף בחוברות מסחריות מסוג זה.
"
https://main.knesset.gov.il/Activity/committees/Ethics/Documents/hachlatot16_28.pdf,1,"החלטת ועדת האתיקה בקובלנה של ח""כ יגאל יאסינוב נגד ח""כ קולט אביטל",,2005-03-15,,"ח""כ קולט אביטל, ח""כ יגאל יאסינוב","פגיעה בזכות הדיבור, הרחקה מישיבה ללא אזהרה, מניעת השתתפות בהצבעה, פגיעה בכבוד חבר הכנסת","ח""כ יגאל יאסינוב הגיש קובלנה נגד ח""כ קולט אביטל, יו""ר ועדת העליה הקליטה והתפוצות, בגין התנהלותה כלפיו בישיבת הועדה ביום 9.2.2005 בנושא ""נוהל הורה קשיש"". לטענתו, התנכלה לו, לא נתנה לו זכות דיבור, הורתה להוציאו מהישיבה ולא אפשרה לו להשתתף בהצבעה.","ועדת האתיקה דנה בקובלנה ואף צפתה בקלטת הדיון. מהקלטת התברר שח""כ יאסינוב ביקש את רשות הדיבור עם סיום הדיון, וח""כ אביטל סירבה לאפשר לו לדבר. הועדה לא התרשמה שח""כ יאסינוב השתולל או שהתפרץ. התברר שח""כ אביטל הורתה להוציא את ח""כ יאסינוב מהדיון מבלי שקראה אותו לסדר שלוש פעמים ובכך פעלה בניגוד להוראות התקנון.","ועדת האתיקה סבורה שבנסיבות המקרה היה בהתנהלותה של ח""כ אביטל כדי לפגוע בכבודו של הקובל, בניגוד להוראות כללי האתיקה. ח""כ אביטל פעלה בניגוד להוראות סעיף ב103 לתקנון הכנסת בכך שלא קראה לח""כ יאסינוב לסדר שלוש פעמים לפני שהורתה להוציאו מהישיבה.",הערה,הערה,,"החלטת ועדת האתיקה
בקובלנה של ח""כ יגאל יאסינוב נגד ח""כ קולט אביטל
מיום י""א באדר 'ב התשס""ה ‎22( במרץ )‎2005
.‎1 הקובלנה
‎1.1 ח""כ יגאל יאסינוב הגיש קובלנה נגד ח""כ קולט אביטל, יו""ר ועדת העליה הקליטה והתפוצות.
הקובלנה מתייחסת לישיבת הועדה ביום 'ל בשבט התשס""ה ,‎9.2.2005- בנושא ""נוהל הורה קשיש"". לטענת הקובל, ח""כ אביטל
התנכלה לו כבר מתחילת הדיון, לא ניתנה לו זכות דיבור עד לסיום הישיבה בנושא האמור והיא אף הורתה להוציאו מן הישיבה
באמצעות סדרנים.
‎1.2 לטענת הקובל, ח""כ אביטל הפרה את הוראות סעיפים א‎103 ב‎103-ו לתקנון הכנסת בכך שלא הזהירה אותו, כנדרש
בתקנון, בטרם ההרחקה מהישיבה.
‎1.3 כמו כן טוען הקובל כי ח""כ אביטל לא איפשרה לו להשתתף בהצבעה על החלטות הועדה ובכך מנעה ממנו את זכותו ואת
חובתו למלא את תפקידו כחבר הכנסת.
כותב הקובל:
""לא ייתכן שיושבת ראש ועדה תנצל לרעה את מעמדה ואת סמכויותיה, תיתן להתבטא לכל משתתפי הועדה אכן לא לחבר
הכנסת, שהוא חבר קבוע בועדה, בזכות ולא בחסד"".
‎1.4 הקובל דורש מח""כ אביטל להתנצל בפניו ולחדול לאלתר מהתנהלותה ""הבלתי הוגנת והבלתי דמוקרטית"", כדבריו.
.‎2 תגובת הנקבלת
‎2.1 במכתבה מיום 'ז באדר 'א התשס""ה - ,‎16.2.2005 לועדת האתיקה טוענת ח""כ קולט אביטל כי הקובלנה אינה מוצדקת.
לטענתה, הקובל הוצא מהישיבה ""כיוון שהשתולל ולא איפשר להמשיך את מהלכה הסדיר"".
עוד טוענת הנקבלת כי ""בכלל מצטיין יאסינוב בהתפרצויות והשתלחויות כלפי חברי הועדה ובעיקר כלפי אורחי הועדה"".
‎2.2 לטענת ח""כ אביטל, על סדר היום באותה ישיבה היו שלושה נושאים כבדים ומשהסתבר כי חלפה יותר ממחצית הזמן
שהוקצה לדיון, הוחלט לסיים את הדיון בנושא ""נוהל הורה קשיש"" ולעבור לנושא הבא. לאחר שנתקבלו החלטות באותו סעיף
ביקש ח""כ יאסינוב להתבטא, אך הוצע לו להתבטא על הסעיף הבא ו""כאן באה התפרצותו. לאור השתוללותו בשידור חי
(הישיבה שודרה באותו זמן בערוץ הכנסת) נאלצתי להוציאו מהישיבה."" - כדברי ח""כ אביטל.
.‎3 החלטת ועדת האתיקה
‎3.1 ועדת האתיקה דנה בקובלנה בישיבתה ביום 'ד באדר 'ב התשס""ה - ,‎15.3.2005 ואף צפתה בקלטת המצולמת של הדיון.
מהקלטת התברר שח""כ יאסינוב אכן ביקש את רשות הדיבור לגבי הנושא ""נוהל הורה קשיש"" עם סיום הדיון, וח""כ אביטל
סירבה לאפשר לו לדבר וניסתה לשכנעו להתבטא לגבי הנושא הבא.
3.2 ‎הועדה לא התרשמה שח""כ יאסינוב השתולל או שהיתה התפרצות מצידו.
3.3 זאת ועוד, מהקלטת התברר שח""כ אביטל הורתה להוציא את ח""כ יאסינוב מהדיון מבלי שקראה אותו לסדר שלוש פעמים
ובכך פעלה בניגוד להוראות סעיף ב‎103 לתקנון הכנסת הקובע:
""קרא יושב-ראש הועדה את חבר הכנסת לסדר שלוש פעמים בישיבה אחת, רשאי היושב-ראש לשלול ממנו את רשות הדיבור
באותה ישיבה או להוציא את החבר מהישיבה, ואם היה צורך בכך - לתת הוראה להוצאתו בכח"".
‎3.4 ועדת האתיקה סבורה שבנסיבות המקרה היה בהתנהלותה של ח""כ אביטל במהלך אותה ישיבה של ועדת העליה, הקליטה
והתפוצות שבראשה היא עומדת כדי לפגוע בכבודו של הקובל, בניגוד להוראות כלל )‎4(א‎1 לכללי האתיקה.
לפיכך החליטה הועדה, בתוקף סמכותה לפי סעיף )‎1()ד(ד‎13 לחוק חסינות חברי הכנסת, זכויותיהם וחובותיהם, התשי""א-
,‎1951 להטיל על ח""כ אביטל הערה.
‎3.5 ההחלטה תונח על שלחן הכנסת."
https://main.knesset.gov.il/Activity/committees/Ethics/Documents/hachlatot16_27.pdf,1,"תיקון להחלטת ועדת האתיקה בענין מימון נסיעות לחו""ל של חברי הכנסת",,2005-01-11,,חברי הכנסת,"מימון נסיעות לחו""ל על ידי גורמים מחוץ לכנסת","ועדת האתיקה החליטה לתקן את החלטתה מיום 'ל בשבט התשס""ב (12.2.02) בענין מימון נסיעות לחו""ל של חברי הכנסת ולהוסיף הבהרה.",,,תיקון להחלטה,,אישור של ועדת האתיקה לנסיעה של חבר הכנסת מתייחס אך ורק לפן האתי של הנסיעה הממומנת על ידי גורמים מחוץ לכנסת. אין באישור הועדה כדי לחייב את הכנסת בתשלומים כלשהם הכרוכים בנסיעה כאמור ואין באישור כדי להטיל על הכנסת אחריות כלשהיא עבור נסיעות שאינן מטעמה.,"תיקון
להחלטת ועדת האתיקה
בענין מימון נסיעות לחו""ל של חברי הכנסת
מיום 'א בשבט התשס""ה )‎11.1.05(
ועדת האתיקה החליטה לתקן את החלטתה מיום 'ל בשבט התשס""ב )‎12.2.02( בענין מימון נסיעות לחו""ל של חברי הכנסת
ולהוסיף, בסופה, הבהרה כדלקמן:
.‎10"" אישור של ועדת האתיקה לנסיעה של חבר הכנסת
מובהר בזה כי אישור של ועדת האתיקה לפי החלטה זו, הנדרש במקרה שבו נסיעת חבר הכנסת איננה במסגרת משלחת
מטעם הכנסת, מתייחס אך ורק לפן האתי של הנסיעה הממומנת על ידי גורמים מחוץ לכנסת.
אין באישור הועדה כדי לחייב את הכנסת בתשלומים כלשהם הכרוכים בנסיעה כאמור (כגון תשלומי אש""ל, כיסוי ביטוחי
וכיוצא באלה) ואין באישור כדי להטיל על הכנסת אחריות כלשהיא עבור נסיעות שאינן מטעמה"".
ההחלטה תונח על שולחן הכנסת."
https://main.knesset.gov.il/Activity/committees/Ethics/Documents/hachlatot16_26.pdf,1,"החלטת ועדת האתיקה בענין קובלנתה של ח""כ לימור לבנת, שרת החינוך, התרבות והספורט נגד ח""כ עסאם מח'ול",,2004-12-21,,"ח""כ עסאם מח'ול",התבטאות בסגנון משולח רסן ובוטה שאינו עולה בקנה אחד עם תרבות דיבור פרלמנטרית בסיסית,"קובלנתה של השרה לימור לבנת מתייחסת לדיון שהתקיים במליאת הכנסת ביום 21.6.04, שבמסגרתו התבטא ח""כ עסאם מח'ול, לטענתה, בסגנון משולח רסן ובוטה שאינו עולה בקנה אחד עם תרבות דיבור פרלמנטרית בסיסית. השרה לבנת ציינה כי מח'ול השתמש בביטויים כגון ""ממשלת המוות"", ""ממשלת דמים"", ""הממשלה החזירית"" ועוד, וטענה כי אין בכך לגיטימציה לשימוש ציני ומכפיש בעקרונות חופש הדיבור.","ועדת האתיקה סבורה כי בהתבטאויותיו ובהתנהגותו של ח""כ עסאם מח'ול במהלך ישיבת הכנסת נשוא הקובלנה יש משום הפרה של ערכי היסוד של כללי האתיקה, ובמיוחד אלה המפורטים בסעיף (4)(א1) ו-(5).","הוועדה התבססה על כללי האתיקה שתוקנו בפברואר 2004, אשר קובעים בין היתר שעל חבר הכנסת לשמור על כבוד הכנסת וכבוד חבריה, לנהוג בדרך ההולמת את מעמדו, ולשמש דוגמה אישית להתנהגות ראויה. הוועדה ציינה כי אין זו הפעם הראשונה שח""כ מח'ול מפר את כללי האתיקה, והביאה דוגמאות להחלטות קודמות בעניינו.",שלילת זכות דיבור,"שלילת זכותו של ח""כ עסאם מח'ול לקבל רשות דיבור במליאה וכן בכל ועדות הכנסת למשך עשרה ימי ישיבות","העונש יחל ביום שני ט""ו בטבת התשס""ה (27.12.04)","החלטת ועדת האתיקה בענין קובלנתה של
ח""כ לימור לבנת, שרת החינוך, התרבות והספורט נגד ח""כ עסאם מח'ול
מיום 'ט בטבת התשס""ה )‎21.12.04(
.‎1 הקובלנה
‎1.1 קובלנתה של השרה לימור לבנת מיום 'ח בתמוז התשס""ד )‎27.6.04( מתייחסת לדיון שהתקיים במליאת הכנסת ביום 'ב
בתמוז התשס""ד )‎21.6.04( שבמסגרתו התבטא ח""כ עסאם מח'ול, לטענתה, בסגנון משולח רסן ובוטה שאינו עולה בקנה אחד
עם תרבות דיבור פרלמנטרית בסיסית.
כותבת השרה לבנת בקובלנתה:
""""ממשלת המוות"", ""ממשלת דמים"", ""הממשלה החזירית"", הם רק חלק מה""פנינים"" הלשוניות, עליהן טרח חה""כ לחזור ביתר
שאת, פעם אחר פעם במהלך הדיון.
גם כאשר קיימים חילוקי דעות בנושאים מהותיים וכואבים, עדיין אין בכך משום מתן לגיטימציה לשימוש ציני ומכפיש בעקרונות
חופש הדיבור, שאינו מוסיף כבוד לכנסת ישראל, גם בעיני הציבור הרחב, שאנו נציגיו.""
‎1.2 ועדת האתיקה בדקה את פרוטוקול הדיון במליאת הכנסת ולהלן ציטוטים נבחרים ממנו:
""עסאם מח'ול :)ל""עת-ש""דח(
לכן זה נראה כפי שזה נראה. אבל אני אומר, ממשלת ים המוות היא ממשלת דמים גם בתחום החברתי. אותם אנשים שטבעו
השבוע למוות דמם בראשה של הממשלה הזאת ושל המדיניות הזאת. אמר לנו כאן השר שטרית לפני שבוע ""אנחנו הבטחנו
לאמריקנים תרבות חדשה"". תרבות של שבירת עובדים? תרבות של התעמרות בזכויות החלשים? זאת האמת של הממשלה
הזאת, ולא יעזור ששמעון פרס אומר זו ממשלה חזירית או מבצעת מדיניות חזירית בתחום החברתי. אני חושש שהוא יוביל את
מפלגתו אל תוך הממשלה החזירית הזאת ויפגע בדמוקרטיה ויפגע באופוזיציה.
היו""ר משה כחלון:
תודה.
עסאם מח'ול :)ל""עת-ש""דח(
אני חושב שזה הזמן להגיד, שאת הממשלה החזירית הזאת צריך להפיל.
שרת החינוך, התרבות והספורט לימור לבנת:
אני אפנה לוועדת האתיקה של הכנסת אם הוא לא יחזור בו מדבריו. יש הבדל מאוד גדול בין מדיניות חזירית, שגם את זה לא
צריך לומר, כפי שאמר חבר הכנסת שמעון פרס, לבין ממשלה חזירית.
עסאם מח'ול :)ל""עת-ש""דח(
המדיניות החזירית.
שרת החינוך, התרבות והספורט לימור לבנת:
אמרת דברים יותר גרועים, אבל בעניין הזה אני בשום פנים ואופן לא יכולה להסכים. שיחזור בו.
עסאם מח'ול :)ל""עת-ש""דח(
ציטטתי את חבר הכנסת שמעון פרס, ואני אומר שהמדיניות החזירית של הממשלה הזאת מובילה למצב - - -
שרת החינוך, התרבות והספורט לימור לבנת:
זה לא מה שהוא אמר, אני מבקשת שהוא יחזור בו ממה שהוא אמר.
היו""ר משה כחלון:
חבר הכנסת מח'ול - - -
עסאם מח'ול :)ל""עת-ש""דח(
זאת ממשלת המוות והדמים.""
- - - - - - - - - - - - - - - - - - - - - - - - - - - - - - - - - - - - - - - - - - - - - -
""עסאם מח'ול :)ל""עת-ש""דח(
זו בריונות מה שהיא עושה כאן. זו בריונות.""
- - - - - - - - - - - - - - - - - - - - - - - - - - - - - - - - - - - - - - - - - - - - - -
""עסאם מח'ול :)ל""עת-ש""דח(
את מושחתת.
היו""ר משה כחלון:
חבר הכנסת מח'ול, אני קורא אותך לסדר פעם ראשונה. אני מקווה שזה ירגיע אותך.
שרת החינוך, התרבות והספורט לימור לבנת:
הם מייצגים כאן, לצערי הרב, הנהגה פלסטינית שמאמללת את בני עמם.
עסאם מח'ול :)ל""עת-ש""דח(
אדוני היושב-ראש, לא תיתן להשתלחות הזאת - - -
היו""ר משה כחלון:
אני קורא אותך לסדר פעם שנייה.
עסאם מח'ול :)ל""עת-ש""דח(
- - -
היו""ר משה כחלון:
חבר הכנסת מח'ול, תעזוב את האולם. סדרנים, להוציא אותו.
עסאם מח'ול :)ל""עת-ש""דח(
אתה משתף פעולה - - -
היו""ר משה כחלון:
חבר הכנסת מח'ול, חבר הכנסת מח'ול, תעזוב את האולם.
עסאם מח'ול :)ל""עת-ש""דח(
אתה משתף פעולה, זה מה שאתה עושה. אתה משתף פעולה עם גזענים ופאשיסטים שעולים על הבמה הזאת. - - - זה מה
שאתה עושה.
היו""ר משה כחלון:
חבר הכנסת מח'ול, חבר הכנסת - תודה רבה, אדוני. תודה רבה, אדוני. תודה רבה, אדוני.
עסאם מח'ול :)ל""עת-ש""דח(
זאת האמת - - - אתה מנסה להסתיר, על-ידי דברים של התייפייפות - - -
היו""ר משה כחלון:
וואלכ, תעזוב את האולם כבר. אתה מבלבל את המוח. סע כבר החוצה. מספיק.""
- - - - - - - - - - - - - - - - - - - - - - - - - - - - - - - - - - - - - - - - - - - - - - -
""שרת החינוך, התרבות והספורט לימור לבנת:
שיוציאו אותו כבר. מה קורה פה?
עסאם מח'ול :)ל""עת-ש""דח(
פאשיסטית כזאת.
היו""ר משה כחלון:
אני לא מבין. מה, אי-אפשר להוציא אותו החוצה?
עסאם מח'ול :)ל""עת-ש""דח(
אי-אפשר. אי-אפשר.""
(חבר הכנסת מח'ול יוצא מאולם המליאה).""
‎1.3 על אף פניות חוזרות ונשנות של מזכירות ועדת האתיקה לח""כ מח'ול לקבלת תגובתו - לא התקבלה כל תגובה מצדו.
.‎2 החלטת הוועדה
להלן החלטתה של ועדת האתיקה:
‎2.1 בפברואר ‎2004 תוקנו כללי האתיקה לחברי הכנסת והוספו ערכים כלליים בסעיף א‎1 הקובע:
.א‎1"" חבר הכנסת -
)‎1( ימלא את תפקידו מתוך נאמנות לערכי היסוד של מדינת ישראל כמדינה יהודית ודמוקרטית.
)‎2( הוא נאמן הציבור וחובתו לייצג את ציבור בוחריו באופן שישרת את כבוד האדם, קידום החברה וטובת המדינה.
)‎3( יקפיד לקיים את דיני המדינה ויפעל לקדם את עקרון שלטון החוק.
)‎4( ישמור על כבוד הכנסת וכבוד חבריה, יהיה מסור למילוי תפקידיו בכנסת, ינהג בדרך ההולמת את מעמדו כחבר
הכנסת ויעשה לטיפוח אמון הציבור בכנסת.
)‎5( ימלא את שליחותו בכנסת באחריות, ביושר ובהגינות, מתוך מחויבות למעמדו כמנהיג בחברה, וישאף לשמש דוגמה
אישית להתנהגות ראויה.
)‎6( יימנע מאפשרות של ניגוד ענינים, ובכל מקרה של ניגוד בין טובת הכלל לבין ענין אישי יעדיף את טובת הכלל.""
ועדת האתיקה סבורה כי בהתבטאויותיו ובהתנהגותו של ח""כ עסאם מח'ול במהלך ישיבת הכנסת נשוא הקובלנה יש משום
הפרה של ערכי היסוד האמורים, ובמיוחד אלה המפורטים בסעיף )‎4(א‎1 -ו .)‎5(
‎2.2 אין זו הפעם הראשונה שח""כ עסאם מח'ול בהתבטאויותיו ובהתנהגותו מפר את כללי האתיקה:
.א ביום 'ב באלול התשס""א ,)‎21.8.01( החליטה ועדת האתיקה להטיל על ח""כ מח'ול הערה בעקבות התבטאותו כלפי ח""כ
זאב בוים:
..."" מי שעושה דלגיטימציה של חברי כנסת ערבים ושל האוכלוסיה הערבית הוא יעשה דלגיטימציה של הרבה עניינים
שדברת עליהם, של עושי אוסלו, של רבין, של כולם; הוא יוביל לכתת יורים. עד מהרה נראה את ליברמן, אותך, את גדעון
עזרא, את ישראל כץ פורצים בסערה ... גלוחי ראש עם שרשראות כדי להכות וכדי להוציא מכאן ולהוציא להורג גם חברי
כנסת ערבים ""...
.ב ביום י""ח באייר התשס""ב ,)‎30.4.02( החליטה ועדת האתיקה להטיל על ח""כ מח'ול הרחקה למשך ‎3 ימי ישיבות לאחר
שבמהלך ישיבת מליאת הכנסת בעקבות קריאתו: ""איפה ראש הממשלה? איפה רב המרצחים שלכם?""
הוצא מהאולם ולפני יציאתו הניף את ידו במועל יד נאצי וצעק: ""הייל שרון, פושעי מלחמה זה מה שאתם.""
החלטה זו של ועדת האתיקה התקבלה נוכח חומרת המעשה ועל אף העובדה שח""כ מח'ול התנצל.
.ג ביום י""ג באייר התשס""ד )‎4.5.04( החליטה ועדת האתיקה להטיל על ח""כ מח'ול נזיפה חמורה בעקבות התבטאותו
כלפי השר אביגדור ליברמן: ""תסתום את הפה, פשיסט"".
3.2 לאור כל האמור, החליטה ועדת האתיקה, בתוקף סמכותה לפי סעיף )ב‎3()ד(ד‎13 לחוק חסינות חברי הכנסת, זכויותיהם
וחובותיהם, ,‎1951-א""ישתה לשלול את זכותו של ח""כ עסאם מח'ול לקבל רשות דיבור במליאה וכן בכל ועדות הכנסת למשך
עשרה ימי ישיבות, החל ביום שני ט""ו בטבת התשס""ה .)‎27.12.04(
‎2.4 החלטת ועדת האתיקה תונח על שולחן הכנסת."
