url,revision,מספר_מסמך,תאריך_מכתב,סוג_מסמך,סוג_הפניה,שולח,נמען,נושא_כללי,נושא_ספציפי,תקציר,המלצות_הנחיות,הערות,קישור_למקור,טקסט_מלא
https://main.knesset.gov.il/About/Departments/LDInstructions/test.pdf,1,,,,,,,,,,,,,יב
https://main.knesset.gov.il/About/Departments/LDInstructions/23.pdf,1,2025-035851,2025-01-13,מכתב פנייה,פניות ומענה לחברי הכנסת,שגית אפיק,חברי ועדת הכנסת,ועדות הכנסת,פרישה מסיעה לבקשת חבר הכנסת עידן רול,"המכתב עוסק בבקשת חבר הכנסת עידן רול לפרוש מסיעת 'יש עתיד' ולפעול באופן עצמאי בכנסת, ובפניית סיעת יש עתיד לוועדת הכנסת לקבוע את פרישתו. המכתב מסכם את הוראות החוק והפסיקה הרלוונטיים, את הליך הדיון בוועדה, ואת המשמעויות המשפטיות והמעשיות של פרישה מסיעה.","יש לקיים דיון בוועדת הכנסת בבקשת חבר הכנסת רול ובקשת סיעת יש עתיד, לבדוק את העובדות הנוגעות לפרישתו ולוודא שמתקיימים המבחנים שנקבעו בחוק. יש להבהיר את ההשלכות של הכרזה על פרישה, לרבות המגבלות החלות על חבר הכנסת הפורש והסיעה שממנה פרש. יש לאפשר לחבר הכנסת זכות טיעון רחבה בדיון.","המסמך הופץ גם לחבר הכנסת אופיר כץ, חבר הכנסת עידן רול, חברת הכנסת מירב בן ארי, עו""ד ארבל אסטרחן, וגב' נועה בירן-דדון.",,"(סימוכין: )2025-035851
ירושלים, י""ג בטבת התשפ""ה
13 בינואר 2025
לכבוד
חברי ועדת הכנסת
שלום רב,
הנדון: פרישה מסיעה לבקשת חבר הכנסת עידן רול
ביום 12.1.25 פנה חבר הכנסת עידן רול ליושב ראש ועדת הכנסת, חבר הכנסת אופיר כץ, והודיע על החלטתו
בהתאם לסעיף א6 לחוק-יסוד: הכנסת וסעיף 61 לחוק הכנסת, 1994–ד""נשתה (להלן – חוק הכנסת), ""לעזוב את
סיעת 'יש עתיד' ולפעול באופן עצמאי בכנסת"".
באותו יום, חברת הכנסת מירב בן ארי, יושבת ראש סיעת יש עתיד פנתה במכתב ליושב ראש ועדת הכנסת וציינה
כי בהמשך להודעתו של חבר הכנסת רול על פרישתו בשיחה טלפונית גם ליושב ראש מפלגת יש עתיד, הוא יצא
באופן יזום מקבוצת הווטסאפ של יש עתיד והודיע על פרישתו גם ברשתות החברתיות. בהמשך לכך ובהתאם לסעיף
61 לחוק הכנסת, ביקשה חברת הכנסת מירב בן ארי כי ועדת הכנסת תתכנס בהקדם האפשרי לדיון בבקשת הסיעה
שהיא גם בקשתו של חבר הכנסת רול ולקבוע את פרישתו ואת השינוי במספר חברי סיעת יש עתיד.
לקראת הדיון בוועדת הכנסת בבקשתו של חבר הכנסת עידן רול ובבקשת סיעת יש עתיד, בתיאום עם היועצת
המשפטית לוועדה, עו""ד ארבל אסטרחן, להלן תמצית הוראות החוק והפסיקה הרלוונטיים לעניין זה:
.א פרישה מסיעה
.1 פרישה מסיעה מוגדרת ""לרבות הצבעה במליאת הכנסת שלא בהתאם לעמדת הסיעה בענין הבעת אמון
לממשלה או אי-אמון בה; ואולם הצבעה כאמור לא תיחשב כפרישה אם חבר הכנסת לא קיבל כל תמורה
בעד הצבעתו""; תמורה מוגדרת באופן רחב ""במישרין או בעקיפין, בהבטחה או בהתחייבות לעתיד, ולרבות
הבטחת מקום ברשימת מועמדים לכנסת, או מינוי חבר-הכנסת עצמו או אדם אחר לתפקיד כלשהו"" (סעיף
א6 לחוק-יסוד: הכנסת).
.2 חוק היסוד אמנם כולל הגדרה של פרישה, אולם זו מתחילה במילה ""לרבות"", וכוללת דוגמה אחת בלבד. גם
אם נוקטים בפרשנות מצמצמת, ההגדרה אינה ממצה ונכללות במונח זה התנהגויות נוספות שאינן מנויות
בחוק היסוד.
.3 ואכן, במהלך השנים ועדת הכנסת קבעה כי חברי כנסת פרשו מסיעתם בנסיבות שונות, לפי בקשת חבר
הכנסת הפורש או כאשר פעל חבר הכנסת באופן עקבי ומתמשך נגד עמדת סיעתו בנושאים שונים ובמספר
רב של מקרים שהיווה מסה קריטית ומצטברת.
.4 לצד הפרישה מכיר חוק הכנסת בהתפלגות של חברי כנסת מסיעתם, אשר אינה גוררת את ההשלכות הנלוות
לפרישה כפי שיפורט לעיל. התפלגות נעשית בדרך כלל כאשר מדובר בסיעה המורכבת מכמה מפלגות שהגישו
רשימת מועמדים משותפת ומבקשות להיפרד לסיעות נפרדות בהתאם להשתייכות המפלגתית של חבריהן
(כפי שאירע כבר פעמיים בכנסת הנוכחית), או כאשר שליש לפחות מחברי סיעה מבקשים להתפלג ובלבד
שהם מונים לפחות שני חברי כנסת. עניין זה אינו רלוונטי לבקשה המונחת כעת בפני ועדת הכנסת.
.5 בהחלטה כי חבר הכנסת פרש מסיעתו, יש משום פגיעה בחופש הפעולה הפוליטי שלו ואף בזכות לבחור
ולהיבחר, ולכן לאורך השנים חברי הוועדה לא ראו בכך עניין קל ערך.
הכנסת, קריית בן-גוריון, ירושלים | mishpatit@knesset.gov.il | טל' 02-6408541 | פקס: 02-6496802
.6 ישנם מקרים לא רבים בהם ועדת הכנסת החליטה על פרישה. בחלקם, סוגיית התמורה לא התחדדה ונבחנה
התנהלותו של חבר הכנסת ביחס לסיעתו לאורך תקופה ממושכת על בסיס הצבעותיו והתבטאויותיו ובכך
מצאו חברי הוועדה בסיס להחלטתם.
.7 אומנם בבג""ץ 4031/94 ארגון ""בצדק"" 'נ ראש ממשלת ישראל, יצחק רבין ,(1994) נחלקו השופטים האם
במקרה שבו חבר הכנסת מודיע בעצמו על פרישתו יש צורך באישור ועדת הכנסת לצורך השתכללות הפרישה.
עם זאת, לא נקבעה בהקשר זה הלכה. לעמדתנו, החלטת ועדת הכנסת דרושה1.
.ב הדיון בוועדת הכנסת
.8 בהתאם לסעיף )א(61 לחוק הכנסת, במקרה שבו פרש חבר הכנסת מסיעתו שלא במסגרת התפלגות, על ועדת
הכנסת לדון בענין בישיבה שבסמוך לאחר הפרישה ולקבוע את דבר פרישתו. בהתאם, נקבעה ישיבת הוועדה
להחלטה בענין פרישתו של חבר הכנסת רול.
.9 חוק הכנסת קובע כי ""לא תקבע ועדת הכנסת כי חבר הכנסת פרש מסיעתו אלא לאחר שבדקה את העובדות
הנוגעות לפרישתו ומצאה כי נתקיימו המבחנים שנקבעו בסעיף א6 לחוק-יסוד: הכנסת"".
.10 דיון בבקשה להכריז על חבר כנסת כפורש נחשב לדיון מעין שיפוטי, וחלים בו סדרי הדיון המיוחדים
הקבועים בסעיף 116 לתקנון הכנסת, כפי שחלים גם בדיוני חסינות. על חברי הכנסת להגיע להחלטה לאחר
ששמעו את טענות הצדדים ובדקו את עובדות ונסיבות המקרה ועמידתו בדרישות החוק, ולכן רשאי
להשתתף בהצבעה רק מי שנכח בלפחות מחצית ממשך ישיבת הוועדה, וכן רשאים להצביע רק חברי ועדה
(קבועים או ממלאי מקום). כמו כן, לחבר הכנסת שעליו מבקשים להכריז כפורש יש זכות טיעון רחבה והוא
רשאי להיות מיוצג על ידי עורך דין או על ידי חבר כנסת אחר.
.11 החלטת ועדת הכנסת במקרה דנן, פשוטה יותר ממקרים קודמים בהם נדונה סוגיית הפרישה מסיעה, נוכח
פנייתו של חבר הכנסת רול עצמו לוועדת הכנסת כי תחליט כי פרש מסיעתו. משכך, היקף הסוגיות והשאלות
שוועדת הכנסת צריכה להידרש אליהן מצומצמות (וכך גם מסמך .)הז
.12 ואולם, למען שלמות התמונה, יובהרו ההשלכות והמשמעויות של הכרזה על פרישה.
.ג משמעויותיה של פרישה מסיעה
.13 בחקיקה מפורטות הוראות שונות שיחולו ביחס לחבר הכנסת שפרש מסיעתו (ולא התפטר מכהונתו בסמוך
להחלטת ועדת הכנסת על פרישתו):
.א הוא לא ייכלל בבחירות לכנסת הבאה, ברשימת מועמדים שהגישה מפלגה שהיתה מיוצגת על ידי סיעה
של הכנסת היוצאת (גם אם מפלגה כזו הגישה רשימת מועמדים משותפת עם מפלגה שלא היתה מיוצגת
כאמור)2;
.ב הוא לא ימונה לשר או לסגן שר במהלך תקופת כהונתה של אותה כנסת3;
.ג הוא לא יצטרף לסיעה אחרת באותה הכנסת4.
1 בע""ב 6615/22 עמיחי שיקלי 'נ יושב ראש ועדת הבחירות המרכזית לכנסת ,25-ה יצחק עמית, התייחסה לענין זה הנשיאה דאז,
השופטת אסתר חיות כי ""בשים לב למכלול הוראות החוק ולתכליות שצויינו, אני סבורה כי מועד השתכללות הפרישה הוא מועד
החלטת ועדת הכנסת. החלטה זו נכנסת לתוקף באופן מיידי עם קבלת החלטת ועדת הכנסת, והגשת ערעור על ההחלטה מכוח סעיף
)ג(61 לחוק הכנסת אין בו כדי לשנות זאת אלא אם כן החליט בית המשפט שמוסמך לדון בערעור על החלטת ועדת הכנסת, לעכב את
ביצועה של ההחלטה.
2 סעיף א6 לחוק-יסוד: הכנסת.
3 סעיפים )ה(6 )ג(25-ו לחוק-יסוד: הממשלה.
4 סעיף )ד(61 לחוק הכנסת.
הכנסת, קריית בן-גוריון, ירושלים | mishpatit@knesset.gov.il | טל' 02-6408541 | פקס: 02-6496802
.ד הוא לא יהיה זכאי למימון הוצאות שוטפות או למקדמת מימון בחירות5.
.ה הוא לא יהווה ""סיעה"" בכנסת אך יהיו לו כל הזכויות שתקנון הכנסת מעניק לסיעה, למעט הזכות
להציע הבעת אי-אמון בממשלה, לקבל חדר סיעה במשכן, ולהודיע הודעות בשל אי השתתפות בדיון או
בהצבעה6. הוא אף לא זכאי למימון עבור מנהל סיעה7.
.14 לעניין סיעתו של חבר הכנסת שפרש, חוק הכנסת קובע כי ""סיעה שחבר הכנסת פרש ממנה, שלא במסגרת
התפלגות, רואים את מספר חבריה כאילו לא פרש ממנה""8. הוראות אלה יחולו בשלל עניינים. כך למשל, בכל
הנוגע לפעילות הפרלמנטרית, כגון חברות בוועדות, זכות דיבור, מכסות לחקיקה ועוד, יראו את מספר חברי
הסיעה כמספרם טרם הפרישה. כמו כן, ככלל הסיעה לא תיפגע בהיבטי מימון מפלגות, כמו מקדמת מימון
הבחירות9 ומימון ההוצאות השוטפות01.
.ד התפטרות לאחר החלטת ועדת הכנסת על פרישה
.15 המגבלות שפורטו לעיל לא יחולו לגבי חבר הכנסת שהתפטר מכהונתו בכנסת ""בסמוך"" להחלטת ועדת
הכנסת בענינו.
.16 בהוראות חוק-יסוד: הכנסת וחוק הכנסת אין תשובה חד משמעית לשאלה מתי צריך חבר הכנסת שנקבע כי
פרש מסיעתו להתפטר על מנת שלא יהיה חשוף לסנקציות שנקבעו בחקיקה. על פי הפסיקה ובהתאם
לתכליותיו של סעיף א6 לחוק היסוד, על חבר הכנסת אשר מעוניין להתפטר לעשות כן תוך זמן קצר מהחלטת
ועדת הכנסת, או במקרה שהחליט לערער על החלטתה – תוך זמן קצר מקבלת פסק דינו של בית המשפט
העליון11.
.17 לאחרונה, תוקן חוק הכנסת, בנושא ערעור על החלטת ועדת הכנסת על פרישה מסיעה. בהתאם לתיקון, חבר
הכנסת שדבר פרישתו נדון בוועדה או סיעתו רשאים לערער לבית המשפט העליון על החלטת הוועדה בתוך
14 ימים מיום החלטתה21.
בכבוד רב,
שגית אפיק
העתק:
חבר הכנסת אופיר כץ, יושב ראש ועדת הכנסת
חבר הכנסת עידן רול
חברת הכנסת מירב בן ארי, יושבת ראש סיעת יש עתיד
עו""ד ארבל אסטרחן, היועצת המשפטית לוועדת הכנסת
גב' נועה בירן-דדון, מנהלת ועדת הכנסת
5 סעיפים 4 )ב(13-ו לחוק מימון מפלגות, .1973–ג""לשתה
6 סעיף )ג(10 לתקנון הכנסת.
7 סעיף א3 לחוק מימון מפלגות, .1973–ג""לשתה
8 סעיף )ב(62 לחוק הכנסת.
9 סעיף )א(4 לחוק מימון מפלגות.
10 סעיף )ב(13 לחוק מימון מפלגות.
11 לפני שתוקן חוק הכנסת, בבג""ץ 1759/06 מפלגת העבודה 'נ יו""ר ועדת הבחירות המרכזית הכיר בית המשפט בהתפטרות לאחר 45
ימים כהתפטרות שנעשתה בסמוך לפרישה, בנסיבות בהן מדובר היה בתקופת בחירות, וממילא לא התקיימו באותה תקופה דיונים
או הצבעות בעלות חשיבות רבה בהם פעלו חברי הכנסת בניגוד לעמדת סיעתם; לעומת זאת, בבע""ב 6615/22 עמיחי שיקלי 'נ יושב
ראש ועדת הבחירות המרכזית לכנסת ,25-ה יצחק עמית קבע בית המשפט כי התפטרות שנעשתה לאחר 78 ימים מיום שקיבלה
ועדת הכנסת את החלטתה, ולנוכח התנהלותו של חבר הכנסת באותה תקופה אשר המשיך לנהוג בניגוד לעמדת סיעתו, אינה
התפטרות סמוך לפרישה. ואולם, נקבע כי חבר הכנסת שיקלי יוכל להתמודד ברשימת ""הליכוד"" בבחירות לכנסת שלאחר פרישתו,
בשל נסיבותיו הייחודיות של המקרה, ובהן חוסר הבהירות הדיונית והמהותית של סדרי הדין בערעור על החלטת ועדת הכנסת ונוכח
הסתמכותו של המערער על עמדת הייעוץ המשפטי של הכנסת, שנתמכה באמירה מפורשת של שופטי בית המשפט המחוזי כי מדובר
בעמדה ראויה העולה בקנה אחד עם החוק.
12 סעיף )ג(60 לחוק הכנסת, .1994–ד""נתשה
הכנסת, קריית בן-גוריון, ירושלים | mishpatit@knesset.gov.il | טל' 02-6408541 | פקס: 02-6496802
"
https://main.knesset.gov.il/About/Departments/LDInstructions/30.pdf,1,2024-008450,2024-02-18,מכתב פנייה,פניות ומענה לחברי הכנסת,שגית אפיק,חברות וחברי הכנסת,חברי הכנסת,דיון הכנסת בדבר הפסקת חברותו בכנסת של חבר הכנסת עופר כסיף,"המכתב עוסק בהליך הפסקת חברותו של חבר הכנסת עופר כסיף בכנסת, בהתאם לסעיף (ג)(א)42 לחוק-יסוד: הכנסת. המכתב מפרט את הרקע המשפטי, הליך הדיון בוועדת הכנסת ובמליאת הכנסת, התנאים הנדרשים להפסקת החברות, והמלצות להליך זהיר ומאוזן בשל תקדימיותו.","יש לנקוט במשנה זהירות בהליך הפסקת החברות, לשקול היטב את ההחלטה האישית, ולהצביע בעד הצעת ועדת הכנסת רק אם השתכנעתם כי התקיימו כל תנאי העילה שבחוק. נדרש רוב של 90 חברי כנסת, וההחלטה צריכה להתבסס על ראיות ברורות, חד משמעיות ומשכנעות בלבד.",ההליך תקדימי וטרם הושלם בעבר בכנסת. המסמך כולל הפניות למסמכי רקע ופרוטוקולים רלוונטיים.,,"(סימוכין: )2024-008450
ירושלים, 'ט באדר א התשפ""ד
18 בפברואר 2024
לכבוד
חברות וחברי הכנסת
שלום רב,
הנדון: דיון הכנסת בדבר הפסקת חברותו בכנסת של חבר הכנסת עופר כסיף
סעיף )ג(א42 לחוק-יסוד: הכנסת; סעיף א8 לחוק הכנסת, ;1994-ד""נשתה סעיף 116 לתקנון הכנסת
.1 מונחת בפניכם הצעת ועדת הכנסת להפסיק את חברותו בכנסת של חבר הכנסת עופר כסיף, לפי סעיף )ג(א42
לחוק-יסוד: הכנסת. הסעיף קובע כי הכנסת רשאית, ברוב של 90 חברי הכנסת, להחליט להפסיק את חברותו
של חבר הכנסת אם קבעה שהתקיים בו, לאחר היבחרה של אותה כנסת, האמור בסעיף )3()א(א7 לגבי
מועמד; וזאת, לפי הצעת ועדת הכנסת שהתקבלה ברוב של שלושה רבעים מחבריה, על בסיס בקשה של 70
חברי הכנסת, מתוכם 10 לפחות חברי כנסת בסיעות שאינן צדדים להסכמים המחייבים תמיכה בממשלה.
.2 הכנסת רשאית, ברוב של 90 חברי הכנסת, להחליט להפסיק את חברותו של חבר הכנסת כסיף אם תקבע
שיש במעשיו, לרבות בהתבטאויותיו, לפי העניין, במפורש או במשתמע – תמיכה במאבק מזוין של מדינת
אויב או של ארגון טרור נגד מדינת ישראל.
הבקשה
.3 ביום 10 בינואר 2024 ט""כ) בטבת התשפ""ד) יושב ראש הכנסת, חבר הכנסת אמיר אוחנה, העביר לדיון
בוועדת הכנסת, בקשה להפסיק את חברותו בכנסת של חבר הכנסת כסיף לפי סעיף )ג(א42 לחוק-יסוד:
הכנסת.
.4 הבקשה הוגשה, בהתאם לסעיף א8 לחוק הכנסת, 1994-ד""נשתה (להלן – ""חוק הכנסת""), בכתב, בצירוף
הנימוקים והחומר שעליו התבססה ובצירוף חתימותיהם של 85 חברי הכנסת, מתוכם 18 חברי הכנסת
בסיעות שאינן צדדים להסכמים המחייבים תמיכה בממשלה. הבקשה מונחת בפניכם.
.5 ביום 28 בינואר 2024 ח""י( בשבט התשפ""ד) שלחתי לחברות וחברי ועדת הכנסת מסמך בנושא ""רקע בעניין
הבקשה להפסיק את חברותו של חבר הכנסת כסיף לפי סעיף )ג(א42 לחוק-יסוד: הכנסת"" המצורף למכתבי
זה. מסמך הרקע כולל, בראשי פרקים את אלה:
.א תיאור סעיף א7 לחוק-יסוד: הכנסת והליך חקיקתו. הסעיף קובע, בין היתר, כי אדם לא יהיה מועמד
בבחירות לכנסת אם יש במעשיו, לרבות בהתבטאויותיו, לפי העניין, במפורש או במשתמע – תמיכה
במאבק מזויין של מדינת אויב או של ארגון טרור נגד מדינת ישראל;
.ב הפסיקה הקיימת בענין העילה האמורה (תמצית של כלל פסקי הדין בעילה זו צורפה למסמך כנספח)
לפיה לצורך הוכחת העילה יש להוכיח את התקיימותם של המבחנים הבאים:
)1( התמיכה במאבק המזויין צריכה להיות שאיפה דומיננטית המהווה חלק מהפרוגרמה הפוליטית של
המועמד;
)2( נדרשות הצהרות מפורשות והיגדים ישירים, או מסקנות מסתברות שמשמעותן ברורה וחד משמעית
לגבי המטרות האמורות;
)3( נדרשת פעולה באופן אקטיבי שאינה ספורדית להוצאתן של המטרות האמורות מן הכוח אל הפועל;
)4( נדרש כי הראיות המבססות את המעשים או המטרות עולות כדי ""מסה קריטית"" של ראיות
""ברורות, חד משמעיות ומשכנעות"";
.ג תיאור הליך חקיקת סעיף )ג(א42 לחוק-יסוד: הכנסת, הסוגיות המרכזיות והחששות שהועלו במסגרת
הליך החקיקה וההסדרים שגובשו לבסוף על ידי הכנסת.
.ד סקירה של הפסיקה בעניין חוקתיות המנגנון להפסקת חברותו של חבר הכנסת. במסגרתה ציינה כבוד
הנשיאה דאז חיות כי: ]...["" מן הראוי כי אמות המידה שנקבעו בפסיקה לענין הפעלת המנגנון הקבוע
בסעיף א7 ינחו את הכנסת גם לצורך המנגנון הקבוע בחוק ההדחה1.""
.ה במסמך פורט כי עד כה מעולם לא הושלם בכנסת הליך של הפסקת חברות של חבר הכנסת, כקבוע
בסעיף )ג(א42 לחוק-יסוד: הכנסת.
הדיון בוועדת הכנסת
.6 ועדת הכנסת דנה בבקשה בישיבותיה בימים 29 30-ו בינואר 2024 ט""י( וכ' בשבט התשפ""ד) בהתאם לסדרי
הדיון המפורטים בסעיף 116 לתקנון הכנסת2, לפיהם על הוועדה לקיים הליך מעין שיפוטי במסגרתו יישמע
חבר הכנסת, היועצת המשפטית לכנסת והיועצת המשפטית לממשלה.
.7 בדיון, ועדת הכנסת שמעה את דבריו של חבר הכנסת כסיף, אשר היה מיוצג על ידי עורך דין (להרחבה ראו:
דברי ב""כ חבר הכנסת כסיף, עו""ד מיכאל ספרד, בפרוטוקול הדיון מיום 29.1.2024 בעמ' ;19-40 דברי חבר
הכנסת כסיף בעמ' ;40-48 דברי ב""כ חבר הכנסת כסיף בפרוטוקול הדיון מיום 30.1.2024 בעמ' ;133-149
""מסמך בנושא התבטאויות של חה""כ עופר כסיף לאחר 7-ה באוקטובר ביחס לחמאס והתקפתו על ישראל"",
.)28.1.2024 םוימ
.8 בנוסף, הוועדה שמעה את דבריי (להרחבה ראו: דברי היועצת המשפטית לכנסת, עו""ד שגית אפיק בפרוטוקול
הדיון מיום 29.1.2024 בעמ' ;48-57 דברי היועצת המשפטית לכנסת ומענה לשאלות בפרוטוקול הדיון מיום
;30.1.2024 קודם לדיון, ביום 10.1.2024 שלחתי לעיונכם מסמך בנושא ""סדרי הדיון להפסקת כהונתו של
חבר הכנסת"").
.9 כן שמעה הוועדה את דבריה של נציגת היועצת המשפטית לממשלה (להרחבה ראו: דבריה של המשנה ליועצת
המשפטית לממשלה, עו""ד אביטל סומפולינסקי, בפרוטוקול הדיון מיום ,30.1.2024 בעמ' ,3-6 .)12-18
.10 בסיום הדיון החליטה הוועדה, בתמיכה של 14 מתוך 17 חברי הוועדה, הרשאים להשתתף בהצבעה, להציע
לכנסת להפסיק את חברותו של חבר הכנסת כסיף בכנסת3.
1 בג""ץ 5744/16 שחר בן מאיר 'נ הכנסת, פס' 33 לפסק דינה של כב' הנשיאה (כתוארה אז) חיות .)27.5.2018(
2 הודעה על קיום הדיון וההצבעה נמסרה לחברי הוועדה ביום 17 בינואר 2024 'ז( בשבט התשפ""ד).
3 יושב ראש ועדת הכנסת, חבר הכנסת אופיר כץ, העמיד לעיונם של כל חברי הכנסת שהורשו להשתתף בהצבעה, את פרוטוקול הישיבה
מיום 29 בינואר 2024 ט""י( בשבט התשפ""ד) באותו היום.
הדיון במליאת הכנסת
.11 יושב ראש הכנסת קבע את המועד לדיון בכנסת בתוך שלושה שבועות מיום החלטת ועדת הכנסת ונמסרה
עליו הודעה לחברי הכנסת לפחות 10 ימים מראש. לקראת הדיון הועברו אליכם על ידי מזכירות הכנסת
הבקשה, ""מסמך בנושא התבטאויות של חה""כ עופר כסיף לאחר 7-ה באוקטובר ביחס לחמאס והתקפתו על
ישראל"", מיום ,28.1.2024 והפרוטוקולים של הדיון בוועדת הכנסת.
.12 הדיון בכנסת הוא דיון אישי וחלים עליו סדרי הדיון הבאים:
.א הדיון ייפתח על ידי יושב ראש ועדת הכנסת, חבר הכנסת אופיר כץ, במסגרת זמן שלא תעלה על עשר
דקות והוא רשאי לסכם את הדיון במסגרת זמן שלא תעלה על חמש דקות.
.ב אחרון הדוברים, ולפני סיכום הדיון, יהיה חבר הכנסת כסיף, במסגרת זמן שלא תעלה על חמש עשרה
דקות; אך הוא רשאי לבקש לשאת את דבריו מיד לאחד יושב ראש ועדת הכנסת.
.ג כל חבר כנסת רשאי להודיע למזכיר הכנסת על רצונו להשתתף בדיון, ושמו יירשם ברשימת הנואמים.
ניתן למסור הודעה כאמור עד הודעת יושב ראש הכנסת על נעילת רשימת הדוברים. גם שרים וסגני שרים
שהם חברי כנסת רשאים להשתתף בדיון. עם זאת, כיוון שמדובר בהליך פנימי של הכנסת, לא יתאפשר
לשר לדבר בשם הממשלה באופן שדבריו יהוו סיכום הדיון, ובכל מקרה גם לא במסגרת זמן שתעלה על
3 דקות.
.ד מסגרת הזמן לכל חבר הכנסת תהיה שלוש דקות, אלא אם כן יחליט יושב ראש הכנסת על מסגרת זמן
ארוכה יותר לכל חברי הכנסת.
.ה בטרם פתיחת הדיון יובהר שמי שלא ינכח באולם בעת ששמו ייקרא לשאת דברים- לא יוכל לחזור
לרשימת הנואמים.
.13 טרם ההצבעה יובהר לחברי הכנסת כי הם מצביעים על הצעת ועדת הכנסת וכי על מנת שהצעת הוועדה
תתקבל נדרש רוב של 90 חברי הכנסת לפחות.
.14 אם הכנסת תחליט לקבל את הצעת ועדת הכנסת להפסיק את חברותו של חבר הכנסת כסיף, ברוב של 90
חברי הכנסת, משרתו תתפנה כעבור 14 ימים מיום החלטת הכנסת. אולם בתקופה שמהחלטת הכנסת ועד
יום הפסקת החברות הוא לא יהיה רשאי להשתתף בישיבות הכנסת או בישיבות ועדה של הכנסת אלא לשם
הצבעה בלבד.
.15 אם הכנסת תחליט להפסיק את חברותו, חבר הכנסת כסיף יהיה רשאי לערער לבית המשפט העליון בתוך
יומיים מיום החלטת הכנסת; בית המשפט ידון בערעור בתשעה שופטים או במספר בלתי זוגי גדול יותר, כפי
שיורה נשיא בית המשפט העליון.
.16 לתשומת לבכם, הליך הפסקת חברות בכנסת הינו תקדימי וחריג. על הצורך לנקוט במשנה זהירות בהליך זה
ניתן ללמוד גם מהזהירות שנקטו חברי הכנסת בעת חקיקת סעיף )ג(א42 לחוק היסוד. זהירות זו נדרשת אף
ביתר שאת ביישום ההסדר שנקבע בסעיף האמור לנוכח תוצאותיו המשפיעות על חבר הכנסת ועל הכנסת
כולה. זאת, לנוכח החשש מפני עריצות הרוב, מעמדן העליון של הזכות לבחור ולהיבחר וחשיבותו של חופש
הביטוי הפוליטי.
.17 הדיון בכנסת וההצבעה על הצעת ועדת הכנסת הם השלב האחרון בהליך הפסקת החברות. לא בכדי נקבע
לקבלת ההצעה רוב ניכר, הנדרש ונמצא בכנסת רק במקרים נדירים. רוב זה נועד גם להוות גורם מאזן ביישום
ההליך. לפיכך, על כל חבר הכנסת לשקול היטב את החלטתו האישית. הבקשה ופרוטוקול הדיון בוועדת
הכנסת הועברו אליכם כאמור, ותוכלו גם להיעזר במסמך הרקע המצורף למכתבי זה לצורך קבלת
החלטתכם. התנאי הבסיסי להצבעה בעד קבלת הצעת ועדת הכנסת הוא שחבר הכנסת אכן השתכנע כי תנאי
העילה המנויה בסעיף )ג(א42 לחוק היסוד התקיימו, קרי: שהתבטאויותיו של חבר הכנסת כסיף מהוות
תמיכה (שאינה רק הזדהות) במאבק מזוין של מדינת אויב או של ארגון טרור נגד המדינה. אלו יסודות העילה
מכוחה הליך הפסקת החברות מתנהל בכנסת. יתר השיקולים, ובכללם גם שאט נפש או סלידה
מהתבטאויותיו והחשש מהפגיעה העלולה להתלוות להן, לצד הרצון להביע עמידה איתנה על זכותה של
ישראל להגן על עצמה, לא מקיימים את העילה. בהתאם להלכה שנפסקה ביחס לסעיף א7 לחוק היסוד,
נדרש כי התמיכה במאבק המזוין כאמור תהיה בהצהרות מפורשות או תעלה כמסקנה מסתברת שמשמעותה
ברורה וחד משמעית, תיעשה באופן אקטיבי וכשאיפה דומיננטית, המהווה חלק מהפרוגרמה הפוליטית של
חבר הכנסת. כמו כן נדרש, כי הראיות המבססות את המעשים או המטרות האמורות יעלו כדי מסה קריטית
של ראיות ברורות, חד משמעיות ומשכנעות שאין ספק בצידן. בעמדתי ובדבריי בוועדת הכנסת עמדתי על
הקושי הניכר לפרשנות בדבר קיום תנאי העילה בהתבטאויות שבבקשה, כפי שפורשה עד כה בפסיקה.
בכבוד רב,
שגית אפיק
העתקים:
חבר הכנסת אמיר אוחנה, יושב ראש הכנסת
חבר הכנסת אופיר כץ, יושב ראש ועדת הכנסת
חבר הכנסת עופר כסיף
מר דן מרזוק, מזכיר הכנסת
עו""ד אייל לב ארי, היועץ המשפטי למליאת הכנסת
"
https://main.knesset.gov.il/About/Departments/LDInstructions/05.pdf,1,2024-001855,2024-01-10,מכתב פנייה,פניות ומענה לחברי הכנסת,שגית אפיק,חברות וחברי הכנסת,חברי הכנסת,סדרי הדיון להפסקת כהונתו של חבר הכנסת,"המכתב מספק סקירה תמציתית של סדרי הדיון להפסקת כהונתו של חבר הכנסת, בהתאם לחוק-יסוד: הכנסת, חוק הכנסת ותקנון הכנסת, כולל שלבי ההליך, דרישות רוב, זכויות חבר הכנסת והאפשרות לערעור.","יש להקפיד על קיום ההליך בהתאם להוראות החוק והתקנון, לרבות דרישת רוב מיוחדת, מתן זכות טיעון לחבר הכנסת, מסירת הודעות מראש, והבהרת מהות ההצבעה לחברי הכנסת. יש לאפשר ערעור לבית המשפט העליון תוך יומיים מההחלטה.","למכתב צורפו העתקים ליושב ראש הכנסת, יושב ראש ועדת הכנסת, מנכ""ל הכנסת, מזכיר הכנסת, היועצת המשפטית לוועדת הכנסת, היועץ המשפטי למליאת הכנסת ומנהלת ועדת הכנסת. לסקירת המבחנים המהותיים לבחינת הפסקת כהונה הופנה למכתב מיום 7.11.2023.",,"(סימוכין: )2024-001855
ירושלים, כ""ט בטבת התשפ""ד
10 בינואר 2024
לכבוד
חברות וחברי הכנסת
שלום רב,
הנדון: סדרי הדיון להפסקת כהונתו של חבר הכנסת
סעיף )ג(א42 לחוק-יסוד: הכנסת, פרק 1'ד לחוק הכנסת, 1994-ד""נשתה וסעיף 116 לתקנון הכנסת
בהמשך לשאלות חברי הכנסת, להלן סקירה תמציתית של סדרי הדיון להפסקת כהונתו של חבר הכנסת. לאור
המשמעויות כבדות המשקל של ההחלטה על הפסקת כהונתו של חבר הכנסת, ההליך הקבוע בחוק-יסוד: הכנסת,
בחוק הכנסת, 1994-ד""נשתה (להלן - ""חוק הכנסת"") ובתקנון הכנסת, הוא ארוך ומורכב כמפורט להלן1:
.1 בקשה להפסקת כהונתו של חבר הכנסת תוגש בכתב ליושב ראש הכנסת בצירוף נימוקים והחומר שעליו היא
מתבססת. על הבקשה להיות חתומה בידי 70 חברי הכנסת כשלפחות 10 מהם חברים בסיעות שאינן צדדים
להסכמים המחייבים תמיכה בממשלה. יושב ראש הכנסת יעביר את הבקשה לוועדת הכנסת.
.2 משהועברה הבקשה ליושב ראש ועדת הכנסת, חלים סדרי הדיון הבאים:
.א הדיון בוועדת הכנסת יתקיים בתוך שלושה שבועות מהיום שהבקשה הגיעה לוועדה, במועד שיקבע יושב
ראש ועדת הכנסת.
.ב הודעה על מועד הדיון בוועדת הכנסת וכן מועד ההצבעה תימסר לחבר הכנסת שהבקשה הוגשה בעניינו
ולחברי הוועדה, לפחות עשרה ימים מראש.
.ג במהלך הדיון בוועדת הכנסת תינתן הזדמנות להשמיע דברים: לחבר הכנסת (שרשאי להיות מיוצג על ידי
,)ד""וע ליועצת המשפטית לממשלה וליועצת המשפטית לכנסת.
.ד החלטת ועדת הכנסת להציע לכנסת להפסיק את חברותו של חבר הכנסת צריכה להתקבל ברוב של 3/4
מחבריה (והיא תועבר להחלטת הכנסת).
.ה רק חבר הכנסת שהשתתף בכל ישיבות ועדת הכנסת שבהן התקיים דיון מהותי בבקשה רשאי להשתתף
בהצבעה; נוכחות בישיבה צריכה להיות לפחות במחצית ממשכה.
.ו ככל שהתקיימה יותר מישיבה מהותית אחת בוועדת הכנסת, יש להעמיד את כל הפרוטוקולים של
הישיבות המהותיות לעיונם של חברי הכנסת הרשאים להשתתף בהצבעה.
.3 החלטת ועדת הכנסת שלא להציע לכנסת להפסיק את חברותו של חבר הכנסת היא סופית.
1 לסקירת המבחנים המהותיים לבחינת הפסקת כהונתו של חבר הכנסת ראו מכתבי מיום 7.11.2023 הרצ""ב למכתב זה.
הכנסת, קריית בן-גוריון, ירושלים | mishpatit@knesset.gov.il | טל' 02-6408541 | פקס: 02-6496802
.4 החלטת ועדת הכנסת להציע לכנסת להפסיק את חברותו של חבר הכנסת תונח על שולחן הכנסת. משהונחה
על שולחן הכנסת חלים סדרי הדיון הבאים:
.א הדיון בכנסת יתקיים בתוך שלושה שבועות מיום החלטת ועדת הכנסת במועד שיקבע יושב ראש הכנסת.
הודעה על מועד הדיון וכן מועד ההצבעה תימסר לחברי הכנסת לפחות עשרה ימים מראש.
.ב טרם הדיון במליאה יועברו לחברי הכנסת המסמכים הבאים, תוך שתינתן להם הזדמנות נאותה לעיין
בהם: הבקשה שהועברה לוועדה, ופרוטוקול הדיון בוועדת הכנסת.
.ג הדיון בכנסת הוא דיון אישי. הדיון יפתח על ידי יושב ראש ועדת הכנסת במסגרת זמן שלא תעלה על עשר
דקות; אחרון הדוברים בדיון האישי יהיה חבר הכנסת שהצעת ועדת הכנסת נוגעת לו, במסגרת זמן שלא
תעלה על 10 דקות (אך הוא רשאי לבקש לשאת את דבריו מיד לאחר יושב ראש ועדת הכנסת). יושב ראש
ועדת הכנסת רשאי לסכם את הדיון במסגרת זמן שלא תעלה על חמש דקות; גם שרים וסגני שרים שהם
חברי כנסת רשאים להשתתף בדיון. עם זאת, כיוון שמדובר בהליך פנימי של הכנסת, לא יהא זה נכון
לאפשר לשר לדבר בשם הממשלה באופן שדבריו יהוו סיכום הדיון; טרם פתיחת הדיון יובהר שמי שלא
ינכח באולם בעת ששמו יקרא לשאת דברים – לא יוכל לחזור לרשימת הדוברים.
.ד טרם ההצבעה בכנסת יש להסביר לחברי הכנסת כי הם מצביעים על הצעת ועדת הכנסת להפסיק את
חברותו של חבר הכנסת בעילה שפורטה בהצעתה של ועדת הכנסת.
.ה החלטת הכנסת בהצעת ועדת הכנסת להפסקת חברות של חבר הכנסת צריכה להתקבל ברוב של 90 חברי
הכנסת.
.5 אם הכנסת תחליט לקבל את הצעת ועדת הכנסת ברוב הדרוש – תתפנה משרתו של חבר הכנסת כעבור 14
ימים מיום החלטת הכנסת.
.6 חבר הכנסת שהכנסת החליטה להפסיק את כהונתו רשאי לערער לבית המשפט העליון; ניתן להגיש ערעור
כאמור בתוך יומיים ממועד החלטת הכנסת.
בכבוד רב,
שגית אפיק
העתקים:
חבר הכנסת אמיר אוחנה, יושב ראש הכנסת
חבר הכנסת אופיר כץ, יושב ראש ועדת הכנסת
מר משה (צ'יקו) אדרי, מנכ""ל הכנסת
מר דן מרזוק, מזכיר הכנסת
עו""ד ארבל אסטרחן, היועצת המשפטית לוועדת הכנסת
עו""ד אייל לב-ארי, היועץ המשפטי למליאת הכנסת
הגב' נועה בירן-דדון, מנהלת ועדת הכנסת
"
https://main.knesset.gov.il/About/Departments/LDInstructions/04.pdf,1,2024-004863,2024-01-28,מכתב פנייה,פניות ומענה לחברי הכנסת,"שגית אפיק, היועצת המשפטית לכנסת",חברי ועדת הכנסת,ועדות הכנסת,רקע בעניין הבקשה להפסיק את חברותו של חבר הכנסת כסיף לפי סעיף (ג)(א)42 לחוק-יסוד: הכנסת,"המסמך מספק סקירה משפטית וחקיקתית מקיפה בנוגע לבקשה להפסיק את חברותו של חבר הכנסת עופר כסיף, בהתאם לסעיף (ג)(א)42 לחוק-יסוד: הכנסת. הסקירה כוללת את ההסדרים החוקתיים והפסיקה הרלוונטית, הליך הפסקת כהונה, עמדות שונות שעלו בדיונים בכנסת ובוועדות, וכן נספח עם תמצית פסקי הדין של בית המשפט העליון בנושא פסילת מועמדות בגין תמיכה במאבק מזוין של ארגון טרור נגד מדינת ישראל.","הפעלת סעיף (ג)(א)42 לחוק-יסוד: הכנסת צריכה להיעשות במשנה זהירות, בהתאם לאמות המידה שנקבעו בפסיקה, תוך דרישה ל'מסה קריטית' של ראיות ברורות, חד משמעיות ומשכנעות. יש להבטיח הליך הוגן ומתן אפשרות לחבר הכנסת להתגונן. יש להבחין בין הליך פלילי להליך הפסקת כהונה ולשקול את החשש מפני פגיעה בזכויות ייצוג של מיעוטים. יש להקפיד על כך שההליך לא ינוצל לרדיפה פוליטית.","המסמך הופץ גם ליושב ראש הכנסת, יושב ראש ועדת הכנסת, חברי הכנסת, והיועצת המשפטית לוועדת הכנסת. המסמך מתייחס גם למסמכים קודמים שהועברו לחברי הכנסת בנושא.",,"היועצת המשפטית לכנסת
(סימוכין: )2024-004863
ירושלים, י""ח בשבט התשפ""ד
28 בינואר 2024
לכבוד
חברי ועדת הכנסת
שלום רב,
הנדון: רקע בעניין הבקשה להפסיק את חברותו של חבר הכנסת כסיף לפי סעיף )ג(א42 לחוק-יסוד: הכנסת
דיון ועדת הכנסת ביום י""ט בשבט התשפ""ד – 29 בינואר 2024
במסגרת הדיון בוועדת הכנסת בענין בקשתו של חבר הכנסת עודד פורר 84-ו חברי כנסת נוספים להפסיק את חברותו
של חבר הכנסת עופר כסיף, ובהתאם לסעיף )ג(א8 לחוק הכנסת, 1994-ד""נשתה על ועדת הכנסת ליתן לחבר הכנסת
עופר כסיף, ליועצת המשפטית לממשלה וליועצת המשפטית לכנסת להשמיע את דברם.
לצד זאת, אני מוצאת לנכון להביא בפניכם סקירה של החקיקה והפסיקה הרלוונטיות לנושא1.
המסמך מורכב מחמישה חלקים ונספח:
-חלק :'א ההסדר הקבוע בסעיף א7 לחוק יסוד: הכנסת לענין מניעת השתתפות של מועמד בעילה של תמיכה במאבק
מזוין של ארגון טרור נגד מדינת ישראל 'מע( )2-3
-חלק :'ב הפסיקה בענין העילה כאמור בסעיף א7 לחוק-יסוד: הכנסת 'מע( )4-5
-חלק :'ג חקיקת סעיף )ג(א42 לחוק-יסוד: הכנסת שעניינו הפסקת החברות של חבר הכנסת 'מע( )6-8
-חלק :'ד הפסיקה בענין חוקתיות סעיף )ג(א42 לחוק-יסוד: הכנסת 'מע( )9-10
-חלק :'ה השימוש שנעשה בסעיף )ג(א42 לחוק-יסוד: הכנסת להפסקת חברותו של חבר הכנסת 'מע( )10-11
-נספח: תמצית של כלל פסקי הדין של בית המשפט העליון בענין פסילת מועמד בעילה של תמיכה במאבק מזוין
של ארגון טרור נגד מדינת ישראל )12-16(
בכבוד רב,
שגית אפיק
העתקים:
חבר הכנסת אמיר אוחנה, יושב ראש הכנסת
חבר הכנסת אופיר כץ, יושב ראש ועדת הכנסת
חברי הכנסת
עו""ד ארבל אסטרחן, היועצת המשפטית לוועדת הכנסת
1 זאת בהמשך לשני המסמכים שהועברו לחברי הכנסת: סדרי הדיון להפסקת כהונתו של חבר הכנסת מיום 10/1/2024 שצורף לו כנספח
מכתבי מיום 7/11/2024 שהכיל סקירה תמציתית של הדין החל בנושא הפסקת כהונה.
1
.א ההסדר הקבוע בסעיף א7 לחוק-יסוד: הכנסת
מניעת השתתפות בבחירות של רשימה או של מועמד
.1 כידוע, חירות הביטוי הפוליטי והזכויות לבחור ולהיבחר, הן זכויות יסוד חוקתיות מהמדרגה העליונה והן
מאושיות המשטר הדמוקרטי.2 לצידן, קיומו של ""שוק דעות חופשי"" מהווה אף הוא ממאפייני היסוד של
השיטה. נוכח חשיבותן, ההגבלות המוטלות עליהן צריכות להיות מינימליות, ולהגן על אינטרסים חיוניים
ביותר. עם זאת, ככל הזכויות, אין אלה זכויות מוחלטות, וככל הזכויות הן ניתנות להגבלה3. בהתאם, סעיף
א7 לחוק-יסוד: הכנסת (להלן: חוק היסוד) קובע את ההסדר בעניין מניעת השתתפות בבחירות של רשימה
או של מועמד.
.2 בעת כינונו, חוק היסוד לא כלל הוראה באשר למניעת השתתפות בבחירות של רשימה או של מועמד בשל
מצעם או פעולותיהם האידיאולוגיות.
.3 בשנת 1965 החליטה ועדת הבחירות המרכזית לפסול רשימה מהתמודדות בבחירות, אף שלא היה באותה
עת הסדר לכך בחקיקה. בית המשפט העליון אישר ברוב דעות את החלטתה והכיר בהצדקה להגביל
התמודדות בבחירות במקרה החריג בו רשימת מועמדים שוללת את עצם קיומה של המדינה (ענין ירדור4).
.4 עם זאת, בשנת 1985 בית המשפט קבע שבהיעדר חקיקה אין מקום להרחיב הלכה זו ביחס לרשימת מועמדים
גזענית השוללת את אופייה הדמוקרטי של המדינה (ענין ניימן הראשון5).
.5 לפיכך, באותה שנה נחקק סעיף א7 לחוק היסוד, אך הוא לא כלל באותה עת עילה שעניינה תמיכה במאבק
מזוין של ארגון טרור נגד מדינת ישראל.
.6 בשנת ,2000 בהצעת חוק פרטית של חבר הכנסת ישראל כץ הוצע להוסיף לסעיף עילה נוספת, לפיה מי
שמזדהה עם מדינת אויב או תומך בארגון טרור לא יוכל להתמודד לכנסת. בהכנת הצעת החוק, העיר חבר
הכנסת יוסף (טומי) לפיד, כי קשה להגדיר הזדהות, ושיש בכך משום סיכון, ולפיכך, הוחלט לקבוע את המבחן
של ""תמיכה"" גם ביחס למדינת אויב6.
.7 בדברי ההסבר להצעת החוק לקריאה הראשונה נכתב:
""העילות הקיימות היום אינן עוסקות במפורש בתמיכה במאבק מזוין נגד המדינה. כשם
שנפסלות רשימות השוללות ערכים בסיסיים של קיום המדינה, כך אין מקום להשלים עם
כהונה בבית הנבחרים של המדינה של מי שתומך במאבק מזוין נגדה. בטרם תיפסל רשימה
לפי עילה חדשה זו ייבחנו כמובן אותם מבחנים מחמירים שנתגבשו לאורך השנים
בפסיקת בית המשפט העליון, באשר לעילות הקיימות, הן באשר לטיב הראיות והן באשר
למרכזיות המטרות או המעשים האסורים.""
.8 לענין המונח ""מאבק מזוין"" ציין חבר הכנסת נואף מסאלחה ""ברגע שחבר כנסת ערבי מביע סימפתיה, אני
לא אומר תמיכה, ליאסר ערפאת או לנשיא אסד, אתה כאן מגביל אותו ללא סיבה"". חבר הכנסת ישראל כץ
השיב על כך: ""רק אם הוא תומך במאבק מזוין, לא באסד, ולא באמו של אסד ולא בדגל הסורי אפילו""; חבר
2 בג""ץ 5744/16 שחר בן מאיר 'נ הכנסת, פס' 26 לפסק דינה של הנשיאה חיות וההפניות שם )27.5.2018( (להלן: עניין בן מאיר).
3 בג""ץ 5364/94 ולנר 'נ יושב ראש מפלגת העבודה הישראלית, פ""ד )1(טמ ,758 פס' 24 לפסק דינו של הנשיא שמגר .)1995(
4 ע""ב 1/65 ירדור 'נ יושב ראש ועדת הבחירות המרכזית לכנסת ,6-ה פ""ד )3(טי 365 )1965( (להלן: עניין ירדור).
5 ע""ב 2/84 ניימן 'נ יושב ראש ועדת הבחירות המרכזית לכנסת ,11-ה פ""ד )2(טל 225 )1985( (להלן: עניין ניימן הראשון).
6 פרוטוקול הדיון בוועדת החוקה, חוק ומשפט מיום ,11.7.2001 עמ' .16
2
הכנסת נסים זאב השיב ""אתה יכול לתמוך בבן לאדן, אבל לא במעשיו"", וחבר הכנסת כץ הוסיף: ""הוא גם
יכול להזדהות עם העם הפלסטיני""7.
.9 יו""ר ועדת החוקה, חוק ומשפט של הכנסת חבר הכנסת אופיר פינס-פז, סיכם את הדיון בעילה זו :8ךכ
""הכוונה היא שיהיה ברור שהעילה לפסילה יכולה להיות לא תמיכה פוליטית בארגון טרור
שהוא דבר אמורפי באופן יחסי, אלא תמיכה במאבק מזוין של ארגון טרור נגד מדינת
ישראל, דבר מאוד מעשי מוחשי וברור.""9
.10 בשנת 2017 לאחר חקיקתו של ההסדר בדבר הפסקת חברותו של חבר הכנסת בשל התקיימותן של אחת
העילות שבסעיף )2()א(א7 או )3( לחוק היסוד, תוקן סעיף א7 לחוק היסוד לעיגון עמדת הפסיקה לפיה מעשים
כוללים גם התבטאויות והמילים ""לרבות התבטאויות"" הוספו לרישא של הסעיף. מקור התיקון בהצעת חוק
פרטית של חבר הכנסת עודד פורר, שבאה בעקבות עמדתו של כב' השופט מלצר לענין הבחנה אפשרית בין
התבטאות למעשה01. בדברי ההסבר להצעת החוק לקריאה הראשונה נכתב ש""התיקון לא נועד לשנות את
פסיקת בית המשפט לפיה הפעלת סעיף א7 תיעשה בצמצום ובאופן דווקני כדי לשמור על האינטרסים
החיוניים ביותר של המדינה"". גם עמדת הייעוץ המשפטי לממשלה ו הייעוץ המשפטי לוועדת החוקה, חוק
ומשפט היתה שמדובר בתיקון מחדד שנועד להבהיר שביטויים נכללים בגדר הסעיף.
.11 סעיף )א(א7 לחוק היסוד קובע היום כי: ""רשימת מועמדים לא תשתתף בבחירות לכנסת ולא יהיה אדם
מועמד בבחירות לכנסת, אם יש במטרותיה או במעשיה של הרשימה או במעשיו של האדם, לרבות
בהתבטאויותיו, לפי הענין, במפורש או במשתמע, אחד מאלה:
)1( שלילת קיומה של מדינת ישראל כמדינה יהודית ודמוקרטית;
)2( הסתה לגזענות;
)3( תמיכה במאבק מזוין, של מדינת אויב או של ארגון טרור, נגד מדינת ישראל.""
.12 בהתאם לחוק היסוד על המועמד להצהיר כי הוא מתחייב להימנע מלפעול בניגוד לעקרונות סעיף א7 לחוק
היסוד11.
.13 בקשה לקבוע כי מועמד מנוע מלהשתתף בבחירות: תיחתם בידי 1/3 מחברי ועדת הבחירות המרכזית ותוגש
לא יאוחר 7-מ ימים מיום הגשת רשימת המועמדים21.
.14 החלטת ועדת הבחירות המרכזית: החליטה ועדת הבחירות המרכזית כי מועמד (או רשימה) מנוע מלהשתתף
בבחירות לכנסת לפי סעיף א7 לחוק היסוד, היא תודיע על כך למועמד ותעביר מיד את החלטתה ונימוקיה
לאישור בית המשפט העליון. החלטת ועדת הבחירות תינתן לא יאוחר מהיום 30-ה שלפני יום הבחירות. בית
המשפט העליון ידון בהחלטת ועדת הבחירות בהרכב של תשעה שופטים או במספר אי זוגי גדול יותר ופסק
דינו יהיה סופי. פסק הדין יימסר לא יאוחר מהיום 23-ה שלפני יום הבחירות.
7 פרוטוקול הדיון בוועדת החוקה, חוק ומשפט מיום ,22.10.2001 עמ' .15-16
8 פרוטוקול הדיון בוועדת החוקה, חוק ומשפט מיום ,30.4.2002 עמ' .5
.םש9
10 א""ב 1095/15 ועדת הבחירות המרכזית לכנסת העשרים 'נ חברת הכנסת חנין זועבי .)10.12.2015(
11 ראו גם סעיף )1ט(57 לחוק הבחירות לכנסת [נוסח משולב], .1969-ט""כשתה
12 סעיף )א(א63 לחוק הבחירות לכנסת [נוסח משולב], .1969-ט""כשתה
3
.ב הפסיקה בענין העילה של תמיכה במאבק מזוין, של מדינת אויב או של ארגון טרור, נגד מדינת ישראל
בסעיף א7 לחוק היסוד
.15 בית המשפט העליון קבע כי עילת התמיכה במאבק מזוין, של מדינת אויב או של ארגון טרור, נגד מדינת
ישראל, מבוססת על הצדקה רעיונית מרכזית של התגוננות מפני מי שמבקש לשלול את עצם קיומה של
המדינה, או לפגוע ביסודות קיומה ובאופייה הדמוקרטי בדרך של מאבק מזוין.
.16 על פי הפסיקה מניעת התמודדות מכוח עילה זו תתאפשר, במקום שבו מועמד או רשימה נוטלים בעצמם
חלק פעיל במאבק מזוין של מדינת אויב או של ארגון טרור נגד המדינה וכן, מקום שבו הם מעודדים מאבק
כזה או תומכים בו תמיכה חומרית, פוליטית או אחרת.31 בפסק הדין בענין טיבי41 ציין הנשיא אהרון ברק:
""הדמוקרטיה רשאית למנוע את השתתפותן של רשימות מועמדים אשר נוקטות אלימות או תומכות
באלימות כמכשיר לשינוי פני המשטר"". ושם, ובפסקי דין נוספים ציין כי ""מניעת התמודדות מכוח עילה זו
תתאפשר כמובן מקום שבו מועמד או רשימה נוטלים בעצמם חלק פעיל במאבק מזוין של ארגון טרור או
מדינת אויב נגד המדינה וכן מקום שבו הם מעודדים מאבק כזה או תומכים בו תמיכה חומרית, פוליטית או
אחרת; כמו כן, פסילת רשימה או מועמד מכח עילה זו תתאפשר רק אם התמיכה היא במאבק מזוין של
מדינת אוייב או של ארגון .15""רורט
.17 לצד הפרשנות המצמצמת של עילות הפסילה, הוסיפה הפסיקה וקבעה במהלך השנים אמות מידה מחמירות
לענין הרף הראייתי הנדרש לצורך התגבשות העילות. אמות המידה האלה תוחמות את האפשרות לפסול
רשימה או מועמד מלהתמודד בבחירות לכנסת למקרים מובהקים וקיצוניים בלבד המצדיקים נקיטה בצעד
כה מרחיק .16תכל הזהירות המופלגת שבית המשפט נוקט היא לנוכח חשיבותן הגבוהה של הזכות לבחור
והזכות להיבחר, שהן זכויות חוקתיות.
.18 לפיכך, בפסיקה נקבע כי להוכחת העילה של )3()א(א7 לחוק היסוד, בדומה ליתר העילות שבאותו הסעיף -
יש להוכיח את התקיימותם של המבחנים הבאים:
 התמיכה במאבק מזוין צריכה להיות שאיפה דומיננטית המהווה חלק מהפרוגרמה הפוליטית של
הרשימה או של המועמד שפסילתם נתבקשה;
 נדרשות הצהרות מפורשות והיגדים ישירים, או מסקנות מסתברות שמשמעותן ברורה וחד
משמעית לגבי המטרות האמורות;
 נדרשת פעולה באופן אקטיבי שאינה ספורדית להוצאתן של המטרות האמורות מן הכוח אל הפועל;
 נדרש כי הראיות המבססות את המעשים או המטרות אשר יש בהם כדי למנוע התמודדות בבחירות
לכנסת עולות כדי ""מסה קריטית"" של ראיות בעלות אמינות גבוהה להצדקת הפסילה. נטל הראיה
הוא על הטוען לפסילת הרשימה או המועמד והראיות צריכות להיות ""ברורות, חד משמעיות
ומשכנעות"";
13 א""ב 1806/19 ועדת הבחירות המרכזית לכנסת 21-ה 'נ עופר כסיף, פס' 15 לפסק דינה של הנשיאה חיות )18.7.2019( (להלן: עניין כסיף).
14 א""ב 11280/02 ועדת הכנסת המרכזית לכנסת 16-ה 'נ חבר הכנסת אחמד טיבי, עמ' .26
15 שם, בעמ' .27
16 ראו מיני רבים: א""ב 852/20 ועדת הבחירות המרכזית לכנסת 23-ה 'נ ח""כ היבא יזבק, פס' 6 לפסק דינה של הנשיאה חיות .)9.2.2020(
4
 כל ספק המתעורר לגבי דיות המסכת הראייתית פועל נגד הפסילה; אם נמצא כי קיים ספק בדבר
התקיימות העילה, הספק מטה את הכף לטובת המועמד.
.19 כמו כן, נקבע כי יש להתחשב לענין התקיימות העילה גם בשאלה אם ניתנו הסברים, דברי חרטה או התנצלות
לגבי ההתבטאות המעידה לכאורה על תמיכת המועמד במאבק המזוין71.
.20 שאלה שנותרה בצריך עיון וטרם הוכרעה היא השאלה אם יש להחיל מבחני הסתברות להתממשות הסכנות
שאותן נועדו עילות הפסילה למנוע. בהקשר זה, נראה שמרבית השופטים סברו שאין מקום להחיל מבחן
הסתברותי להתממשות הסכנות האמורות. זאת משום שהבעת דעות התומכות במובהק במאבק מזוין של
ארגון טרור נגד המדינה - אין לה מקום בחברה דמוקרטית, ללא קשר לתוחלת התממשות תוצאותיה של
תמיכה .18וז
.21 בנספח למסמך זה, נכללת סקירה של כל המקרים שהובאו בפני בית המשפט העליון בקשר לשלילת מועמדות
של מועמד בעילה הקבועה בסעיף )3()א(א7 לחוק היסוד. בכולם המועמדות אושרה על ידי בית המשפט
העליון.
.22 לצד זאת, נשמעה גם ביקורת כלפי דרך הילוכה של הפסיקה, וכן הודגש הצורך להישמר מפני פרשנות
מצמצמת מדי של עילות הפסילה תוך הרחבת גבולות הגזרה. כך, למשל, כב' השופט מינץ בדעת מיעוט
בפסיקותיו בענין סעיף א7 לחוק היסוד (ראו גם בנספח) חוזר ומציין כי ""לא נתונה לנו האפשרות לעצום עינינו
מלראות""91, וכן מדגיש כי בתיקון משנת 2017 לענין התבטאות ישנה השפעה על עילות הפסילה: ""המחוקק
לא השחית מילותיו לתיאור מטאפורות או לדברי מליצה בלבד. המחוקק הגדיר קו גבול מעשי, מדויק
וקונקרטי. גם אם עלינו ליישמו בזהירות ובשים לב להיקפה של הזכות לבחור ולהיבחר והצורך בהגבלתה
באופן מינימלי ואך לצורך האינטרסים החיוניים ביותר של המדינה איננו רשאים להתעלם מקיומו. אינני
סבור כי רשאים אנו ללקט שברי אמירות וחלקי דברים, חלק לחלק, עד שתתגבש תמונה שונה מזו שבחר
מועמד להטיח בפומבי, קבל עם ועדה. איננו רשאים להטות אוזנינו לכל תירוץ קל שבקלים, מופרך וחסר
אחיזה במציאות, על מנת להתעלם מקו התבטאות חריף וקשה הנגלה לפנינו. זאת לא ניתן להיעשות""02. כמו
כן, כב' השופט מינץ מציין בפסיקותיו כי לדעתו המבחן לענין הראיות צריך להיות מבחן איכותי ולא מבחן
כמותי באופן בו ייתכן שבית המשפט ישתכנע על בסיס ראיה בודדת שתהווה מסה קריטית.
.23 כב' השופט אלרון בדעת מיעוט בענין יזבאק12, לאחר שסקר את החקיקה והפסיקה בענין סעיף א7 לחוק
היסוד, הדגיש כי ""עמדה זו אינה חפה מקשיים. היא עלולה לגרום לתוצאות שהדעת אינה נוחה עימן, שהרי
אין להשלים עם דברי שבח והלל למעשי טרור נפשעים שהביאו לקיפוח חייהם של חפים מפשע, והאפשרות
כי אלו המהללים מעשי טרור שאינם בשם ארגון טרור ישבו בבית המחוקקים- אינה פשוטה כללי ועיקר;
17 א""ב 1156/21 ועדת הבחירות המרכזית לכנסת 24-ה 'נ אבתיסאם מראענה פס' 15 לפסק דינה של הנשיאה חיות וההפניות ששם .)28.2.2021(
18 א""ב 852/20 ועדת הבחירות המרכזית לכנסת 23-ה 'נ היבא יזבאק, פס' 22 לפסק דינה של הנשיאה חיות (בדעת המיעוט) וההפניות שם.
19 בענין כסיף ובענין מראענה, בעמ' .26
20 א""ב 1156/21 ועדת הבחירות לכנסת 24-ה 'נ אבתיסאם מראענה-מנוחין, עמ' .65-66
.36 'מעב 21
5
אולם לפי קביעת הכנסת, אבן הבוחן שנקבעה היא השאלה אם בוצעו מעשים המבטאים תמיכה במאבק
מזוין של ארגון טרור או מדינת אויב נגד ישראל""22.
.ג חקיקת סעיף )ג(א42 לחוק היסוד
.24 בשנת 2016 נחקק סעיף )ג(א42 לחוק היסוד32, לפיו הכנסת רשאית להפסיק את חברותו של חבר הכנסת, אם
קבעה שהתקיימה בו, לאחר היבחרה של אותה כנסת, אחת לפחות משתי עילות הקבועות בסעיף א7 לחוק
היסוד: הסתה לגזענות, או תמיכה במאבק מזוין נגד מדינת ישראל )העילה של שלילת קיומה של מדינת
ישראל כיהודית ודמוקרטית, שמצויה אף היא בסעיף א7 לחוק היסוד, לא נכללת כעילה לענין סעיף .)הז
ההליך להפסקת כהונתו של חבר הכנסת בהתאם לסעיף ,)ג(א42 בתמצית, תחילתו בבקשה של 70 חברי
הכנסת ובהם 10 חברי הכנסת מסיעות האופוזיציה, דיון והחלטה ברוב של ¾ חברי ועדת הכנסת, ואישור
הצעת ועדת הכנסת להפסיק את חברותו של חבר הכנסת על ידי הכנסת ברוב של 90 חברי הכנסת, כאשר
לחבר הכנסת יש זכות ערעור לבית המשפט בתוך יומיים ממועד החלטת הכנסת. משרתו של חבר הכנסת
שחברותו הופסקה כאמור תתפנה כעבור 14 ימים מיום החלטת הכנסת.
.25 סעיף )ג(א42 נחקק במסגרת הצעת החוק מטעם ועדת החוקה, חוק ומשפט בראשות יו""ר הוועדה דאז, חבר
הכנסת ניסן סלומינסקי. ההנחה שעמדה מאחורי חקיקתו היתה שככל שניתן לשלול את מועמדותו של
מועמד בהתאם לסעיף א7 לחוק היסוד לפני הבחירות, הרי שמי שעונה על העקרונות הקבועים בסעיף א7
לחוק היסוד ""אינו ראוי להיות חבר הכנסת גם אם כבר נבחר לכנסת""42 ואין צורך ""להמתין עד להצגת
מועמדותו לקראת הבחירות הבאות כדי לפעול""52. זאת, בדומה לסעיף )1א(1 לחוק חסינות חברי הכנסת,
זכויותיהם וחובותיהם, 1951-א""ישתה שקובע כי חסינות חבר הכנסת לא תחול על מעשים או התבטאויות,
שאינם אקראיים, השוללים את קיום המדינה כמדינתו של העם היהודי, את אופייה הדמוקרטי של המדינה,
שיש בהם הסתה לגזענות כמפורט בסעיף, או תמיכה במאבק מזוין כמפורט גם כן באותו סעיף. במלים
אחרות: מה שלא לגיטימי לפני הבחירות, אינו לגיטימי גם לאחריהן.
.26 בנוסח הצעת החוק שאושרה בקריאה הראשונה הוצע כי הכנסת תהיה רשאית להשעות חבר כנסת לתקופה
שתקבע ,לרבות עד תום תקופת כהונתה של אותה כנסת אם קבעה כי התקיימה בחבר הכנסת, לאחר היבחרה
של אותה כנסת, אחת משלוש עילות הפסילה הקבועות בסעיף א7 לחוק היסוד. בהתאם לנוסח לקריאה
הראשונה, הוצע כי ההחלטה תתקבל לפי החלטת ועדת הכנסת שהתקבלה ברוב של ¾ מחבריה על בסיס
בקשה של 61 חברי הכנסת ותאושר במליאת הכנסת ברוב של 90 חברי הכנסת. עוד הוצע, שמשרתו של חבר
הכנסת שחברותו בכנסת הושעתה – תתפנה כעבור עשרה ימים מיום החלטת הכנסת.
22 בהמשך, בעמ' 37-38 הוא מציין בענין ""תמיכה משתמעת"" ש""הקושי הוא בקביעה באלו מקרים תמיכה במעשה טרור או באדם שביצע מעשה
טרור משתמעת באופן חד משמעי כתמיכה במאבק מזוין של מדינת אוייב או ארגון טרור נגד מדינת ישראל"". הוא מציג שני עקרונות מנחים:
האחד- ""ככל שמדובר בתמיכה באדם הנוטל חלק פעיל יותר במאבק המזוין של ארגון טרור נגד מדינת ישראל- כך ניטה לייחס את התמיכה
באותו אדם למאבק המזוין של ארגון הטרור עצמו"", והשני ""ככל שניתן להצביע על תמיכה במעשה טרור או באדם המזוהים יותר עם מאבק
מזוין של ארגון טרור מסוים, אף שאותו אדם לא פעל בשם הארגון או שהמעשה לא נעשה בחסותו, כך ניטה לראות בתמיכה בהם תמיכה
בארגון עצמו... כמו כן, אם הארגון שבשמו ביצע בעבר המפגע את מעשה הטרור כבר אינו מנהל מאבק מזוין נגד מדינת ישראל, ניטה לקבוע
כי תמיכה בו אינה מקימה עילה לשלילת הזכות להיבחר"". לגישתו, אם ניתן להצביע על תמיכתו של מועמד לכנסת במאבק מזוין של ארגון
טרור נגד ישראל, ניתן להסתייע בשלב השני, לענין המסה הקריטית של הראיות, גם בראיות לתמיכה במעשי טרור ולא רק במאבק מזוין של
ארגון טרור או מדינת אויב.
23 הוראות משלימות נקבעו בסעיף א8 לחוק הכנסת, 1994-ד""נשתה ובסעיף 116 לתקנון הכנסת.
24 דברי ההסבר להצעת החוק.
25 שם.
6
.27 בדיוני ועדת החוקה חוק ומשפט בהכנת הצעת החוק לקריאה השניה ולקריאה השלישית העלו חברי
הכנסת, נציג היועץ המשפטי לממשלה, היועצת המשפטית לוועדה ונציגי הציבור חששות רבים בעניינה של
הצעת החוק. החשש המרכזי היה מפני התנכלות של הרוב למיעוט ופגיעה בזכויות הייצוג שלו בכנסת,
ובסיכול רצון הבוחרים שלו שהצבעתם הביאה לבחירתו; חשש מפגיעה ביכולת התפקוד הלגיטימית של חבר
הכנסת שבדרך כלל יימצא בקצה פוליטי כלשהו ויביא לצינון יתר של פעילותו למען הציבור אותו הוא מייצג;
כמו כן, עלו בדיוני הוועדה שאלות בדבר היחס בין הליך הפסקת חברות לבין הליך פלילי וכן היחס בין הליך
של הפסקת חברות לבין הליך בוועדת האתיקה שיכול לתת מענה, למשל, להשעיית חבר הכנסת – שעלתה
בנוסח המקורי של הצעת החוק. כך למשל, חברת הכנסת רחל עזריה ציינה כי לדעתה דיונים מהסוג הזה
מתאימים יותר לוועדת האתיקה שדיוניה חסויים, שמורכבת משני חברי הכנסת מהקואליציה ושניים
מהאופוזיציה, וצריכה לקבל החלטה ברוב דעות, ומתאימה יותר לדעתה ל""התמודדות עם תופעות קיצוניות""
מאשר ועדת הכנסת או הכנסת בשל החשש ""שקבוצה אחת תרצה לחסל קבוצה יריבה פוליטית""62. נציגת
האגודה לזכויות האזרח, לעומת זאת, ציינה שלדעתה ישנה חשיבות יתרה לכך שההליך יהיה שקוף וגלוי
בשל החשש מרדיפה פוליטית ובשל המשמעויות הפוליטיות שבהפסקת החברות (וזאת להבדיל מדיון בוועדת
האתיקה שהוא דיון .27)יוסח
.28 חשש אחר שעלה בדיונים היה מפני פתיחת ההליך ברוב של 61 בלבד. היועצת המשפטית לוועדה ציינה כי
לדעתה לפתיחת ההליך צריך להידרש רוב שקרוב לרוב הדרוש לסיומו של ההליך במליאת הכנסת וזאת
משום החשש לפגיעה של ממש ביכולת התפקודית של חבר הכנסת אם ענין זה ייעשה באופן חוזר ונשנה וכן
ציינה ""דווקא בגלל האופי של חברי הכנסת שיש להם מחויבויות קואליציוניות, הסיכוי שמישהו ישנה את
דעתו, -ש 30 חברי הכנסת ישנו את דעתם מהשלב הראשון לשלב האחרון הוא קטן מאוד. ואם לא יהיה כאן
רוב מסיבי מאוד לפתיחת ההליך שגם כולל חברי אופוזיציה, הכנסת יכולה למצוא את עצמה כל הזמן בהליכים
כאלה, גם אם לא יבשילו סוף לכלום, אבל כל הזמן תהיה תסיסה והליכים, ואיך קראו לזה פה: רוח רעה. ולכן
אם באמת המטרה היא שאנשים שפרצו כל גדר, אפשר יהיה לפעול נגדם, זה צריך לבוא לידי ביטוי גם
בהתחלה""82.
.29 חבר הכנסת עודד פורר, לעומת זאת, ציין שלדעתו הסיכוי ""שבאמת (החוק) יטפל בתופעה שבה הוא רצה
לטפל, כל כך רחוק, שאנחנו נגיע למצב שבאמת זה יכריע- לא יודע, אולי פתאום אנשים יתחילו לחשוב קצת
לפני שהם מבצעים כל מיני צעדים, אבל החוק הזה הרי לא יופעל. הרי לא יגיעו למצב של 90 חברי כנסת.
אני לא רואה את זה קורה בכנסת הזו, ואני לא רואה את זה קורה בכנסת אחרת. לצערי, זה הנתיב שבו בחרו
ללכת""92
.30 חשש נוסף מפני קיומו של הדיון בוועדת הכנסת היה בענין הקושי לבצע דיון יסודי שעניינו חקר האמת ודיני
ראיות במסגרת ההליך בוועדה. כמו כן, עלה חשש בשל ההבחנה שבין הבחינה שנעשית קודם להתמודדות
בבחירות, אשר מתפרשת על פני תקופה ומתייחסת לאירועים שונים במהלכה, לעומת הליך של הפסקת
26 פרוטוקול הדיון בוועדת החוקה, חוק ומשפט מיום ,21.06.2016 עמ' .41
27 שם, בעמ' .80
28 שם, בעמ' .60
29 שם, בעמ' .53
7
החברות שעלול להיפתח ולהתקדם בשל אירוע בודד בלבד. להתמודדות עם חשש זה נקבע שההליך בוועדת
הכנסת יהיה ייחודי (זהה להליך הקיים לענין פרישתו של חבר הכנסת בהתאם לסעיף א6 לחוק היסוד).
.31 אחד התיקונים להצעת החוק שהציעו חברי הכנסת, המומחים והייעוץ המשפטי לוועדה, ולא התקבל, היה
קביעת גוף שיפוטי שיאשר את הפסקת החברות. זאת, בדומה להליך הקיים בסעיף א7 לחוק יסוד: הכנסת.
.32 כך למשל חברת הכנסת זהבה גלאון אמרה ש""יש כאן אבסורד שהכנסת לוקחת על עצמה תפקיד שאין לו
מקום, אין לו אח ורע, אין לו תקדים בדמוקרטיות מתוקנות""03. החשש היה בכך שהשעיה או הדחה בידי גוף
מפלגתי ולא בידי גוף מקצועי יכולה להביא לפסילה של מי ""שלא חצו את הגבול"" ושאין מקום להוציאם
משותפות במשחק הפוליטי הלגיטימי, ואילו בית המשפט יוכל לערוך בחינה מדוקדקת יותר של הראיות
באופן שאינו מעלה חשש לפוליטיזציה. עו""ד שמחה רוטמן שהשתתף בדיון כנציג התנועה למשילות
ודמוקרטיה ציין, לעומת זאת, כי ""הדבר שאנחנו עוסקים בו הוא באמת לא הליך משפטי ולכן כל הניסיון
""למשפט"" אותו הוא ניסיון משונה קצת. הוא הליך פוליטי, כי קביעת גבולות השיח הלגיטימי במדינה היא
אמירה פוליטית""13.
.33 עו""ד דבי גילד-חיו מהאגודה לזכויות האזרח הדגישה שישנו הבדל משמעותי בין דיון ענייני של פרטי הפרטים
בהתאם לסעיף א7 לחוק היסוד, שבו גם היועץ המשפטי לממשלה מביע עמדה לאחר שהפעיל שיקול דעת
ענייני לגבי הראיות, לבין דיון בכנסת וציינה כי ""מדובר פה בחקיקה שאנחנו מתנגדים לה בגדול ומהיסוד,
בגלל שמדובר בחקיקה שהיא במידה רבה פוליטית. היא חלק מאיך שאנחנו רואים את הדברים כחלק מרדיפה
פוליטית של קבוצות מאוד מסוימות באוכלוסייה""23.
.34 עם זאת, הסתייגויות שהוצעו על ידי חברי הוועדה - להחליף את זכות הערעור של חבר הכנסת שחברותו
הופסקה לבית המשפט העליון בהליך של אישור בבית המשפט כפי שקיים לענין פסילת מועמד על פי סעיף
א7 לחוק היסוד - לא התקבלו על ידי רוב חברי הוועדה, וההליך נותר באישורה של הכנסת ברוב של 90 חברי
הכנסת, ובזכות ערעור של חבר הכנסת לבית המשפט העליון.
.35 בתום חמישה דיונים להכנת הצעת החוק לקריאה השניה ולקריאה השלישית, שונה ההסדר לעומת הצעת
החוק באלה:
ראשית, בוטלה האפשרות להשעיית חבר הכנסת לתקופה מוגבלת מחשש שמתן אפשרות להשעיה קצרה
עלולה להוביל לשימוש יתר בכלי זה.
שנית, נקבע כי הפסקת חברותו של חבר הכנסת תתאפשר רק בשל שתים מבין שלוש העילות הכלולות
בסעיף א7 לחוק היסוד כאשר העילה של שלילת קיומה של מדינת ישראל כמדינה יהודית ודמוקרטית
הושמטה בשל התפיסה שהיא עמומה ויהיה קשה להפעילה באופן שוויוני.
,םש30 עמ' .17
31 שם, בעמ' .80
32 שם.
8
שלישית, הבקשה לפתיחה בהליך תהיה על ידי 70 חברי הכנסת 10-שכ מהם חברי סיעות האופוזיציה. זאת
מתוך תפיסה שעצם הפתיחה בהליך עלולה לפגוע בתפקוד חבר הכנסת ולכן נדרש תמיכה רחבה. לא התקבלה
הבקשה שוועדת האתיקה תהיה גורם ראשוני הקולט את הבקשה, או גורם נוסף או מחליף לוועדת הכנסת.
רביעית, לא ניתן להפסיק את חברותו של חבר הכנסת בתקופת בחירות מחשש לשימוש לרעה בהליך זה
בתקופה זו. מה גם שתקופת בחירות ממילא מועמדותו נבחנת מחדש על ידי ועדת הבחירות.
חמישית, נקבעה שורה של הוראות הליכיות לדיוני ועדת הכנסת והמליאה שעיקרן במתן הזדמנות נאותה
לחבר הכנסת להתגונן מפני ההליך להפסקת חברותו.
.ד הפסיקה בעניין חוקתיות המנגנון להפסקת חברותו של חבר הכנסת:
.36 בעקבות חקיקתו של סעיף )ג(א42 לחוק היסוד הוגשה עתירה לבית המשפט העליון שבה התבקש בית המשפט
לפסול את התיקון בשל פגיעה בעקרונות יסוד דמוקרטיים כמו הפרדת רשויות, חירות הביטוי הפוליטי
והזכות לבחור ולהיבחר.
.37 בית המשפט העליון פסק פה אחד שיש לדחות את העתירה שתקפה את התיקון33. נקבע כי אין בעצם קיומו
של מנגנון לשינוי הרכב הכנסת לאחר הבחירות משום שינוי שיטת הבחירות. עם זאת, בית המשפט ציין כי
התיקון מתווה מנגנון שהפעלתו היא צעד קיצוני וחריג. הפסקת החברות פוגעת בזכות החוקתית להיבחר,
קרי בזכותו של הפרט להתמודד על מקום בבית הנבחרים במטרה לקדם את עמדותיו ואת האידיאולוגיה
שלו באמצעים פרלמנטריים. פגיעה זו גוררת פגיעה בזכות לבחור - זכותו של הפרט להשתתף בהליך הבחירות
ולבחור באופן חופשי את הנציגים המקובלים עליו. כמו כן, הפסקת כהונתו של חבר הכנסת בגין מעשיו
והתבטאויותיו פוגעת גם בחופש הביטוי הפוליטי, ולכך משמעות מיוחדת משום שבחבר כנסת עסקינן,
בהינתן העובדה כי הביטוי הוא הכלי העיקרי המשמש אותו בפעילותו הפרלמנטרית ובאמצעותו הוא מבטא
את עמדותיו ואת עמדות הציבור שבחר בו.
בית המשפט ציין כי התכלית המונחת ביסוד התיקון היא מניעת שימוש בכלים הדמוקרטיים לקידום מטרות
אנטי דמוקרטיות החותרות תחת קיום המדינה, וכי מדובר בהסדר משלים להוראת סעיף א7 לחוק היסוד
שכן תחולתו מוגבלת למעשים שעשה חבר הכנסת לאחר היבחרו. בית המשפט ציין כי ""חוק ההדחה נועד
לתת מענה שיהא קרוב יותר בזמן להתרחשויות הרלוונטיות"".
.38 בית המשפט ציין עוד שהתנאים שנקבעו מהווים בלמים ממשיים מפני החשש כי ייעשה בו שימוש שלא לשם
התכלית שאותה נועד להגשים. בענין זה מציין כב' השופט סולברג ""ענייננו שלנו הוא בחבר כנסת 'סורר
ומורה' אלא שהדרישות הקבועות בחוק היסוד לצורך הדחתו הן נוקשות, עד שקיים יסוד להניח כי הליך
הדחה מלא 'לא היה ולא עתיד להיות'.. לכשיגיע, אם יגיע, המקרה הקונקרטי שבו ייושם החוק- ידון בכך בית
משפט זה בכובד ראש; ככל משפטו של חבר הכנסת וככל חוקתו של חוק ההדחה"".
.39 הסייג המרכזי שמציין בית המשפט המשמש בלם להפעלת ההליך הוא ההתמקדות בעילות המצומצמות
והקונקרטיות של סעיף א7 לחוק היסוד;בלם מרכזי נוסף הוא ההליך המיוחד ורב השלבים הדרוש לשם
33 בג""ץ 5744/16 שחר בן מאיר 'נ הכנסת .)27.5.2018(
9
הפסקת חברות. כמו כן, בית המשפט ציין את הביקורת השיפוטית שמעוגנת כחלק אינהרנטי מהמנגנון
ומכיוון שסמכות הפסקת החברות היא בעלת אופי מעין-שיפוטי – הרי שהביקורת השיפוטית בעניינה היא
בעלת היקף רחב יותר.
.40 כב' השופט הנדל ציין כסייג חשוב את ""זכות הווטו"" שניתנה לאופוזיציה על פתיחה בהליכי הפסקת חברות
ועל מעמדה ביתר שלבי ההליך בהם היא נהנית ממשקל מעשי מכריע ומציין כי ""לאלמנט זה נפקות רבה.
במישור המעשי הוא מפחית מאוד את החשש מפני שימוש לרעה בסמכות על ידי הרוב. במישור הרעיוני,
הוא מבטא את התפיסה לפיה המיעוט מחזיק בזכות להיות שותף בהליך קבלת ההחלטות, וכי שיתוף זה
מהווה תנאי ללגיטימיות של הכרעת הרוב"".
.41 כב' השופט מלצר הדגיש כי ""חוק ההדחה בפרוצדורה הנוקשה הקבועה בו, וברוב הפרלמנטרי הנדרש
במסגרתו הוא דוגמה לזהירות הרבה המוטלת על המכונן והמחוקק ... כשיש ניגוד ענינים מובנה ומוסדי בין
הרוב הפרלמנטרי הרגיל לבין עקרונות השיטה והמיעוט הפרלמנטרי"" ומוסיף ""הנני תקווה שבצד דחית
העתירות - הערות כולנו תישמענה ולא נידרש להגיע למחוזות הללו"".
.42 כב' הנשיאה חיות, שכתבה את דעת הרוב בפסק הדין, אליה הצטרפו יתר השופטים, מציינת: ""עם זאת, חשוב
להעיר כי בהינתן התכלית המשותפת העומדת ביסוד חוק ההדחה מזה וסעיף א7 לחוק היסוד מזה, מן הראוי
כי אמות המידה שנקבעו בפסיקה לענין הפעלת המנגנון הקבוע בסעיף א7 ינחו את הכנסת גם לצורך הפעלת
המנגנון הקבוע בחוק ההדחה""..
היא מציינת כי עמדה זו התבטאה גם בתגובת הכנסת לעתירה וכן כי ""מתחייב מאמות המידה שנקבעו
בפסיקה לענין הפעלת המנגנון שבסעיף א7 לחוק היסוד כי הראיות לביסוס המעשה או המעשים המצדיקים
לכאורה הפסקת כהונה תהיינה ברורות, חד משמעיות ומשכנעות, ונדרשת מסה קריטית""43.
.ה השימוש שנעשה בסעיף )ג(א42 לחוק היסוד עד כה
.43 מאז חקיקת סעיף )ג(א42 לחוק היסוד בשנת ,2016 למעשה, טרם הושלם הליך של הפסקת חברות של חבר
הכנסת.
.44 בינואר ,2017 חודשים ספורים לאחר חקיקת סעיף )ג(א42 לחוק היסוד, הוגשה בקשה להפסקת כהונתו של
חבר הכנסת באסל גאטס. הבקשה הוגשה על בסיס טיוטת כתב האישום שהכין היועץ המשפטי לממשלה
כנגד חבר הכנסת באסל גאטס על העברת טלפונים ומסמכים לאסירים ביטחוניים וכן בשל ביצוע עבירות לפי
חוק המאבק בטרור, .2016-ו""עשתה
.45 ועדת הכנסת החלה בדיון לגבי הבקשה, וקיימה בה דיון אחד ביום .14.3.2017 במהלך הדיון הוברר שברקע
הדיון מתנהלים מגעים להסדר טיעון עם חבר הכנסת גאטס על אותו ענין שבבסיס בקשת ההדחה. בתום
הדיון לא התקיימה הצבעה בוועדת הכנסת, ומספר ימים לאחר מכן נחתם עמו הסדר טיעון בו נקבע, בין
היתר, שהוא יתפטר מהכנסת. לפיכך, הליך הפסקת החברות התייתר.
34 שם, בפס' 33 לפסק דינה של הנשיאה חיות.
10
.46 במהלך הדיון בוועדת הכנסת, ציין היועץ המשפטי לכנסת דאז, עו""ד איל ינון, כי מקרה זה מחדד את
ההתנגשות שעלולה להיווצר בין החוק להפסקת חברות לבין הליכים פליליים כנגד חבר הכנסת, משום
שעילות ההדחה הן גם עבירות פליליות ומשום כך עשויות להתברר במקביל כפי שקרה בענין חבר הכנסת
גאטס.
.47 כמו כן ציין עו""ד ינון כי ""יש להביא בחשבון כי העילות שבסעיף א7 ובתוכן העילה שבה אנו דנים, פורשו
לאורך השנים על ידי בית המשפט העליון בצמצום רב ועד היום לא נפסל אף מועמד בבחירות, וזאת בשל
התפיסה העקבית שבאה אף לידי ביטוי בפסק הדין האחרון שניתן לפני הבחירות האחרונות ולפיה- אני
מצטט- נוכח חשיבות של הזכות לבחור ולהיבחר מניעת השתתפות של מועמד בבחירות לכנסת הוא כמעט
החץ האחרון באשפתה של הדמוקרטיה המתגוננת, ומכאן שיש להותירה למקרים חריגים וקיצוניים"". כמו כן
הוא הוסיף ""אומנם אין עדיין פסיקה ביחס לתיקון החדש, אך מכיוון שמדובר באותם מונחים של סעיף א7
ובאותה מאטריה ממש- ויש שיטענו שהדחת ח""כ מכהן אף חמורה ממניעת התמודדות- הרי שעל חברי הכנסת
להביא בחשבון שזו הפרשנות שנוקט בה בית המשפט העליון בהתייחסו לסוגיה זו. סיכומם של דברים: מצד
אחד, אין ספק כי מעשהו של חבר הכנסת גטאס הוא מעשה חמור וכי הראיות לעצם קיומו הן ראיות חזקות.
מצד שני, חוק ההדחה אינו מסתפק במעשה חמור, אלא מחייב כי ניתן לקשור את המעשה החמור לתמיכה
במאבק מזוין של ארגון טרור נגד מדינת .35""לארשי
.48 עו""ד רז נזרי, המשנה ליועץ המשפטי לממשלה שהשתתף באותו הדיון, עמד על ההבחנה בין רף הראיות
הנדרש בהליך פלילי לעומת הליך הפסקת חברות:
""רף הראיות בפלילי, כידוע, זה מעבר לכל ספק סביר, זאת אומרת שהשופט צריך
להשתכנע וכמובן גם התביעה שמגישה כתב אישום, שיש אפשרות סבירה להרשעה לכך
שהשופט השתכנע מעבר לכל ספק סביר ךילהב.]...[ המנהלי פסיקת בית המשפט העליון
בהקשר הזה מדברת על ראיות חד-משמעיות בעלות מסה משמעותית, שמעידות
שהמאבק המזוין זו מטרה דומיננטית של האדם וכיוצא בזה, זאת אומרת: האמירות
שהקראתי הן אמירות שמדברות על מסה וראיות חד-משמעיות, שזו מטרה דומיננטית,
ולכן מטבע הדברים הדבר הזה יותר מורכב בהליך המנהלי.""63
.49 ההליך להפסקת כהונתו של חבר הכנסת גאטס לא הבשיל כאמור לנוכח התפטרותו מהכנסת במסגרת הסדר
הטיעון. עם זאת, מהדיון עולה שהיועץ המשפטי לכנסת והיועץ המשפטי לממשלה סברו כי נדרשות ראיות
משמעותיות להמשך ההליך בעניינו. עמדה זו של היועץ המשפטי לממשלה הוסיפה להתבטא גם בפסיקה
המובאת בנספח להלן (לרבות בענין מועמדותו של חבר הכנסת כסיף שמועמדותו נפסלה על ידי ועדת
הבחירות אך החלטתה לא אושרה על ידי בית המשפט העליון).
35 עמ' 14 לפרוטוקול הדיון בוועדת החוקה, חוק ומשפט מיום .14.3.2017
36 שם, בעמ' .44
11
נספח
פסיקה בענין סעיף )3()א(א7 לחוק היסוד שעניינו תמיכה במאבק מזוין של ארגון טרור נגד
מדינת ישראל
א""ב 11280/02 ועדת הכנסת המרכזית לכנסת 16-ה 'נ חבר הכנסת אחמד טיבי
ההתבטאויות והמעשים שיוחסו למועמד: ממקורות שהוגשו עלה כי בין המועמד טיבי לבין יושב ראש הרשות
הפלסטינית דאז יאסר ערפאת קיים קשר הדוק. המועמד שימש כיועצו, נשאר עמו בקשר רציף, העביר לו מסרים ויצא
להגנת עמדותיה של הרשות הפלסטינית. עוד עלה כי הוא מעלה על נס את המאבק נגד הכיבוש73, מביע תמיכה בפעילים
וארגונים של הרשות הפלסטינית (מרואן ברגותי, תאבת תאבת, עבד אלרחים מלוח) שמיוחסים להם מעשי טרור;
פועל לשחרור אסירים פלסטינים שביצעו פיגועי טרור; עוד עלה כי פעילי טרור משבחים את פעילותו במאבקם ומכך
ניתן אולי ללמוד על תמיכתו במאבקם המזוין. לבסוף, עלה מהמקורות כי המועמד גינה במילים קשות את פעולות
כוחות הביטחון כנגד פלסטינים ואף כינה פעולות לחימה של צה""ל כפשע נתעב. בנוסף, יוחס לו ניסיון לפרוץ מחסום
של כוחות צה""ל בכניסה לג'נין תוך הפרת צו אלוף הפיקוד.
החלטת בית המשפט: הוחלט פה אחד שלא לאשר את החלטת ועדת הבחירות המרכזית שלפיה המועמד טיבי מנוע
מלהשתתף בבחירות לכנסת .16-ה בית המשפט קיבל את עמדת הייעוץ המשפטי לממשלה כי קיים ספק באשר
לכוונתו ומטרותיו של המועמד טיבי, בייחוד נוכח התבטאויותיו והצהרותיו בפני ועדת הבחירות ובית המשפט.
מטעמים אלה נקבע כי אין לאשר את החלטת ועדת הבחירות בדבר אי-השתתפותו בבחירות של המועמד טיבי.
א""ב 50/03 ועדת הבחירות המרכזית לכנסת 16-ה 'נ חבר הכנסת עזמי בשארה
ההתבטאויות והמעשים שיוחסו למועמד: בהשתתפותו בכנס באום אל פאחם שנערך כשבועיים לאחר נסיגת צה""ל
מלבנון, המועמד בשארה ציין בנאום כי: ""זכותו של חיזבאללה להתגאות בהישגו ולהשפיל את ישראל ]...[ לבנון
החלשה במדינות ערב, הציגה מודל קטנטן שאם נביט לעומקו ניתן להסיק את המסקנות הנחוצות להצלחה וניצחון
– מטרות ברורות ורצון עז לנצח, והכנסת האמצעים הנחוצים להשגת מטרה "".וז
בכנס של בל""ד בנצרת )2000( ציין כי תמיכתו בחזבאללה היא חלק מהקו הפוליטי מדיני המוצהר שלו, התומך בכל
גוף שיילחם בכיבוש. בכנס נוסף הוא הדגיש כי ניצחונו של חזבאללה מוכיח שניתן לנצח את מדינת ישראל, ושהמאבק
הצבאי משתלם; במפגש עם הנהגת ארגון חמאס בחברון אמר המועמד שהוא רואה עצמו לוחם במאבק נגד ישראל
כמו שאר הנוכחים בחדר; בנאום שפרסם בעיתון (מאי )2001 הדגיש כי הפסקת האינתיפאדה פירושה כניעה, ולכך לא
תסכים שום הנהגה פלסטינית; בנאום אחר (מרץ )2002 ציין כי האינתיפאדה זו הפעם הראשונה בהיסטוריה של העם
הפלסטיני שבה החלופה של ההתנגדות היא החלופה הראשונה והאחרונה. בנאום נוסף, הוא בירך את העמידה
האיתנה של בני עמו, את האינתיפאדה המפוארת שלהם ואת מוכנותם להמשיך במאבק עד לטאטוא הכובש.
37 בין ההתבטאויות שנסקרו: ""אנו איתכם נגד הכיבוש שיחלוף ללא ספק"", ""אנחנו תומכים תמיכה של ממש באינתיפאדה ובהתנגדות הפלסטינית ההרואית
נגד הכיבוש. זו לא זכות להיאבק נגד הכובש אלא חובה"", ""החזבאללה נאלץ לחטוף את החיילים הישראלים בגלל דרך המחשבה של ההנהגה הישראלית
וטיפשותה"". עוד לגבי חזבאללה אמר שהוא ""ארגון של התנגדות לגיטימית נגד הכיבוש"" ולעניין מאבקו אמר ""למדנו מכם את העמידה האיתנה ואת דרך
העימות.""
12
החלטת בית המשפט: בית המשפט החליט ברוב דעות )7:4( 'א( ברק, 'א מצא, 'ד דורנר, 'ד ביניש, 'י אנגלרד, 'א ריבלין,
'א פורקצ'יה) שלא לאשר את החלטת ועדת הבחירות המרכזית שלפיה מנוע המועמד בשארה מלהשתתף בבחירות
לכנסת .16-ה בעניין זה, קבע בית המשפט כי המעשים המיוחסים לחבר-הכנסת בשארה לעניין שלילת קיומה של
מדינת ישראל כמדינה יהודית ולעניין תמיכה במאבק מזוין נגדה, מונחים במרכז מטרותיו ופעולותיו, והם יעד שליט
שלו. עם זאת, קבע בית המשפט כי לא הונחה התשתית הדרושה של ראיות משכנעות, ברורות וחד-משמעיות כדי
לשלול ממנו את אחת מהזכויות המרכזיות של הדמוקרטיה – הזכות לבחור ולהיבחר. הספק הקיים צריך לפעול
לטובת החירות לבחור ולהיבחר.
דעת המיעוט: 'ש( לוין, 'ט שטרסברג כהן, 'י טירקל, 'א לוי) שופטי המיעוט סברו כי מחומר הראיות עלה שחבר הכנסת
בשארה תומך במאבק מזוין של ארגוני טרור נגד מדינת ישראל וכי עמדותיו והתבטאויותיו בזכות מעשיהם של
החיזבאללה, בזכות האינתיפאדה הפלסטינית ובזכות כל גוף ""שילחם בכיבוש"" הן מעשי תמיכה שחל עליהם סעיף
)3()א(א7 לחוק היסוד ולפיכך צדקה ועדת הבחירות בפסילתו.
א""ב 9255/12 ועדת הבחירות המרכזית לכנסת 19-ה 'נ חברת הכנסת חנין זועבי
ההתבטאויות והמעשים שיוחסו למועמדת: למועמדת יוחסה השתתפות במשט ""מרמרה"", פרסום באתר אינטרנט
לעניין תמונה של המועמדת בחברת פעילים בכירים בארגון החמאס, וכן, צוין בעניינה כי בראיונות שונים לתקשורת
המועמדת הדגישה שהיא תומכת בפרוץ אינתיפאדה חדשה נגד ישראל.
החלטת בית המשפט: הוחלט פה אחד שלא לאשר את החלטת ועדת הבחירות המרכזית. בית המשפט קבע כי קשה
לקבוע, ברמת ההוכחה הנדרשת לשלילת ההשתתפות בבחירות לכנסת, שהוכחה עילת התמיכה במאבק מזוין.
המועמדת זועבי לא חלקה על כך שפעילותה מכוונת, בין היתר לשינוי מצבו של העם הפלסטיני בעזה ובכלל. עם זאת,
נותר ספק האם פעילות זו כוללת גם תמיכה במאבק מזוין של ארגון טרור, במקרה זה החמאס. אמנם, פעילותה,
ובמיוחד השתתפותה במשט אכן מתקרבת עד מאוד לתחום האסור מפניו מתריע ואותו נועד למנוע סעיף א7 לחוק
היסוד. בית המשפט ציין כי היקפן של הראיות בהתייחס לעילת פסילה זו לא היה רב, אך איכותן משמעותי ובהחלט
מתקרב לאותה ""מסה קריטית"" של ראיות המצדיקות פסילה. אולם, אין די בהשתתפות זו כדי להוביל למסקנה כי
נחצה הגבול המצדיק פסילה מהשתתפות בבחירות.
א""ב 1095/15 ועדת הבחירות המרכזית לכנסת 20-ה 'נ חברת הכנסת חנין זועבי
ההתבטאויות והמעשים שיוחסו למועמדת: למועמדת יוחסה השתתפות במשט ""המרמרה"" שנועד לפרוץ את הסגר
הימי על רצועת עזה. נטען שהייתה עדה לאלימות שהופנתה נגד חיילי צה""ל בהשתלטות על הספינה; הובאו ראיות
לכך שנראתה חוגגת בליווי פעילים בכירים בתנועת החמאס; המועמדת טענה ש""לדעתנו חמאס אינו ארגון טרור"";
לאחר חטיפתם של שלושת הנערים, התבטאה בראיון לרדיו ..."":)2014( זה מוזר שאנשים שנמצאים תחת כיבוש וחיים
חיים לא נורמליים ושחיים במציאות שבה ישראל חוטפת כל יום עצירים, זה מוזר לך שהם חוטפים? ]...[ הם לא
טרוריסטים ]...[ גם אם אני לא מסכימה איתם, הם אנשים שלא רואים שום פתח ]...[ הם אנשים שלא רואים שום
פתח לשנות את המציאות שלהם, והם נאלצים להשתמש באמצעים האלה. עד שישראל תתפכח קצת עד שהאזרחים
של ישראל, החברה בישראל תתפכח קצת ותראה את הסבל, תרגיש את הסבל של האחר.""
13
פרסמה מאמר באתר המזוהה עם תנועת החמאס שכותרתו ""מצור על 'ישראל' במקום מו""מ; התנגדות במקום תיאום
ביטחוני""; למועמדת יוחסו גם אמירות של כינוי חיילי צה""ל כטרוריסטים וכי את אבו מאזן היא כינתה בוגד בשל
התיאום הביטחוני עם ישראל. במבצע ""צוק איתן"" המועמדת נסעה לקטאר, השתתפה בהפגנות נגד המבצע והתבטאה
בתקשורת הזרה לגבי מצבו הקשה של העורף הישראלי והחשש מפעולה קרקעית. בעקבות הדברים שאמרה, ""זכתה""
המועמדת לשבחים מתנועת החמאס. כן הובאו כתבות שדיווחו כי המועמדת השתתפה בפסטיבל שנקרא ""עזה ניצחה""
ובו אמרה: ""ההתנגדות הפלסטינית והעם כולו בעזה הביס את המטרות הצבאיות והפוליטיות שישראל הציבה
לעצמה. המאבק של העם שלנו הכשיל את כל המטרות וזו התוצאה של המלחמה.""
החלטת בית המשפט: הוחלט ברוב דעות )8:1( 'מ( נאור, 'ע פוגלמן, 'י דנציגר, 'צ זילברטל, 'א חיות, 'י עמית, 'נ
הנדל, 'ח מלצר) שלא לאשר את החלטת ועדת הבחירות המרכזית למנוע את השתתפותה של המועמדת זועבי
בבחירות לכנסת .20-ה בית המשפט קבע כי הסברי המועמדת לראיות שהוצגו אכן מעוררים ספק ביחס לטענה
כי במעשיה היא תומכת במאבק מזוין נגד מדינת ישראל. ניתן גם משקל רב להסברים ולהצהרות של המועמדת
בפני בית המשפט. להוכחת העילה הזו יש להביא ראיות חד משמעיות, בעלות ""מסה"" משמעותית, המעידות כי
תמיכה במאבק מזוין נגד ישראל היא מטרה דומיננטית של המועמד, שהוא פועל להגשמתה באופן קונסיסטנטי.
נקבע כי על אף חומרתן של הראיות, הן לא מאפשרות לקבוע ברמת ההוכחה הנדרשת כי המועמדת תומכת
במאבק מזוין.
דעת המיעוט: 'א( רובינשטיין) מועמד בבחירות לכנסת הוא איש ציבור המבקש את תמיכתו ואמונו של הציבור וזאת
בהתבסס על תפיסת העולם אותה הוא מייצג. על בסיס עמדותיו בציבור מתגבשת דמותו הציבורית ולכן צריך לתת
משקל של ממש להתבטאויותיו הציבוריות. בפער שבין אמירותיו בבית המשפט לאמירותיו בציבור יש להעדיף את
האמירות הפומביות. לפיכך, הצהרתה לוועדת הבחירות ולבית המשפט כי משנתה הפוליטית חברתית שוללת אלימות
ותומכת אך בהתנגדות עממית בלתי אלימה לכיבוש – אין לתת לה משקל של ממש. שכן אם זו תפיסת עולמה
האותנטית ישנו קושי של ממש שהדבר אינו מתבטא בהתבטאויות הפומביות שלה לציבור. קשה שלא לראות
בהשתתפותה באירוע בכפר כאבול במהלך מבצע צוק איתן ובדברים שאמרה שם אלא כתמיכה במאבק המזוין של
שלטון החמאס בישראל. מצבור הראיות מלמד כי אין מדובר בהיבט שולי בפעילותה הפוליטית וחלפנו על פני השלב
של הספק.
א""ב 1806/19 ועדת הבחירות המרכזית לכנסת 21-ה 'נ ד""ר עופר כסיף
ההתבטאויות והמעשים שיוחסו למועמד: למועמד יוחסו התבטאויות אשר מהן משתמעת השוואה בין מדינת ישראל
ובכירים בממשלה לגרמניה הנאצית ולפושעי מלחמה נאצים. בכתבה מאתר ""מקור ראשון"" נטען כי ""את ליברמן כינה
כסיף 'צאצא של אדולף' והסביר: 'צאצא רעיוני, לא באמת'"" ואת שרת המשפטים לשעבר, איילת שקד כינה ""חלאה
נאו נאצית"". בכתבה מאתר האינטרנט של ""ערוץ ""20 צוטט פוסט מעמוד הפייסבוק שלו ובו כתב על ממשלת ישראל
בין היתר כי: ""זוהי ממשלה פשיסטית פר-אקסלנס ובה מוטיבים נאצים של ממש ]...[ ובראש מעל כולם: נבל חדל
אישים שהרס כל דבר חיובי שאי פעם היה פה ]...[ תלמיד מצטיין של משנת גרינג"". בכתבה נוספת (באתר האינטרנט
של ""ערוץ )""20 הופיעה הקלטה של שיעור שהעביר ובה אמר: ""בשיח הישראלי שממשלת ישראל הנוכחית יצרה, זה
לגיטימי להרוג ערבים. ככה מדרדרים לתהום למה שקרה בגרמניה לפני 80 שנה"". בהקלטה אחרת הוא נשמע אומר כי
""חמאס הוא מפלגה פוליטית"". ובראיון בעיתון ""הארץ"" אמר: ""פגיעה בחיילים אינה טרור. אפילו בספר של נתניהו
14
על טרור הוא מגדיר במפורש פגיעה בחיילים או באנשי כוחות ביטחון כמלחמת גרילה. זה לחלוטין לגיטימי, לפי כל
קריטריון מוסרי, ודרך אגב, גם משפטי בינלאומי. עם זאת, אני לא אומר שזה דבר נפלא, משמח ורצוי ]...[ בכל מקום
שהיה בו מאבק על שחרור נגד דיכוי, יש את הגיבורים הלאומיים, 90%בש מהפעמים עשו פעולות שבחלקן היו נוראות.
נלסון מנדלה שנחשב היום לגיבור, חתן פרס נובל לשלום, לפי ההגדרה המקובלת היה טרוריסט .""]...[
החלטת בית המשפט: הוחלט ברוב דעות )8:1( 'א( חיות, 'נ הנדל, 'ע פוגלמן, 'י עמית, 'נ סולברג, 'מ מזוז, 'ע
ברון, 'ג קרא) שלא לאשר את החלטת ועדת הבחירות המרכזית למנוע את השתתפותו של ד""ר עופר כסיף
בבחירות לכנסת .21-ה בית המשפט קבע כי ההתבטאויות שלא הוכחשו על ידי כסיף קשות עד מאוד ומוטב היה
שלא היו נאמרות ומשנאמרו יש להסתייג מהם בחריפות. עם זאת, ההתבטאויות הללו לא מבססות תשתית
ראייתית לעילה של תמיכה במאבק מזוין לפי אמות המידה המצמצמות שהותוו בפסיקה . נקבע כי המועמד
הבהיר שהוא נגד אלימות ושהראיות שהובאו מבססות תשתית ראייה דלה, ודאי אינה חד משמעית וחסרה את
דרישת הדומיננטיות או האקטיביות להשגת המטרה.
דעת המיעוט: 'ד( מינץ) התבטאויותיו של כסיף בריאיון אישי שהעניק ל""הארץ"" והתבטאותו לענין חיילי צה""ל
נכללים באופן מפורש בגדר עילת הפסילה של תמיכה במאבק מזוין נגד מדינת ישראל, שכן יש בכך מתן
לגיטימציה ותמיכה מפורשת במאבק מזוין. כמו כן, כסיף לא הסתייג באופן אמיתי וברור מדבריו החריפים
שמתייחסים לפגיעה בחיילים, ולא ניתן לקבל את טענתו הכללית שהוא מתנגד לאלימות. התבטאויותיו
הקיצוניות, החמורות והחד משמעיות מבטאות מאפיינים דומיננטיים וגרעיניים במשנתו. מדובר בראיות
משכנעות וברורות העולות כדי מסה קריטית המצביעה על תמיכה במאבק מזוין ובטרור נגד מדינת ישראל
ושלילת קיומה של מדינת ישראל כמדינה יהודית.
א""ב 852/20 ועדת הבחירות המרכזית לכנסת 23-ה 'נ חברת הכנסת היבא יזבק
ההתבטאויות והמעשים שיוחסו למועמדת: על פי מקורות שהוגשו, המועמדת שיתפה פוסט )2013( ובו נראית
תמונתה של המחבלת דלאל מוגרבי שהובילה את חוליית המחבלים בפיגוע בכביש החוף בשנת .1978 בפיגוע זה נרצחו
35 אזרחים ישראלים מתוכם 12 ילדים. בפוסט שאותו שיתפה יזבק מופיע תיאור מעלליה של מוגרבי תוך הצגתה
כגיבורה וציטוט מדבריה הקוראים להתרכז ב""אויב המשותף"" ולהמשיך במאבק עד לשחרור פלסטין. על הדברים
האלה, הוסיפה יזבק וכתבה: ""דלאל אלמוגרבי חיה 20 שנים ועשתה את כל זה. יבורכו נשות ההתנגדות"". כמו כן,
שיתפה פוסט )2015( בעמוד הפייסבוק שלה, בו נראית תמונה של סמיר קונטאר, שהורשע ברצח של ארבעה ישראלים
בפיגוע בנהריה בשנת ,1979 ועליה הכיתוב ""השהיד המוג'הד סמיר קונטאר"" וכן ""לא חזרתי מפלסטין אלא בכדי שאחזור
לפלסטין""; כמו כן, שיתפה סרטון )2017( בעמוד הפייסבוק שלה, זמן קצר לאחר שבאסל אלאערג' נורה למוות על ידי
כוחות הביטחון במהלך מבצע למעצרו שהתפתח לחילופי אש עמו. בסרטון מובאים דברים שאמר אלאערג' בשבח
ההתנגדות והוא כולל את האמירה ""היש קול יותר גבוה מקולו של השהיד"". בריאיון מצולם עימה )2019( נטען כי
מדבריה משתמעת תמיכה בפגיעה בחיילי צה""ל כחלק מהמאבק נגד הכיבוש.
בנוסף, צורפה שורה של פרסומים נוספים של דברי שבח ותמיכה לאסירים שובתי רעב, דברי ברכה לרגל שחרורם של
אסירים ביטחוניים, קיום מפגשים עמם וקריאה לשחרורם של אסירים אחרים; ולגביהם נטען כי יזבק תומכת באופן
שיטתי ועקבי במאבק המזוין של ארגוני הטרור נגד מדינת ישראל, וזאת בשל תמיכתה באסירים ועצירים שביצעו
עבירות ביטחון חמורות נגד המדינה.
15
החלטת בית המשפט: הוחלט ברוב דעות )5:4( 'ע( פוגלמן, 'י עמית, 'ד ברק ארז, 'מ מזוז, 'ע ברון) שלא לאשר את
החלטת ועדת הבחירות המרכזית למנוע את השתתפותה של המועמדת יזבק בבחירות לכנסת .23-ה דעת הרוב בעניין
זה קבעה כי יש לדחות את הבקשה לאשר את פסילת מועמדותה של המועמדת יזבק נוכח העובדה שאמות המידה
הפרשניות הדווקניות והמצמצמות שנקבעו בפסיקת בית המשפט לבחינת התשתית הראייתית הנדרשת לתמיכה
בפסילת מועמד אינן מתקיימות בעניין.
דעת המיעוט: 'א( חיות, 'נ סולברג, 'ד מינץ, 'י אלרון) הפרסומים הנוגעים לקונטאר ולמוגראבי אינם משתמעים לשתי
פנים ואין לראותם אלא כתמיכה בפעולות טרור. לראיות אלה מצטרפות ראיות שמשקלן נמוך הנוגעות לשיתוף
הסרטון של אלאערג' ודברי התמיכה לאסירים שביצעו עבירות ביטחון חמורות וכל אלה מייצרות מסה קריטית של
ראיות משכנעות. אין לקבל את ההסברים שנתנה בדיעבד המועמדת, משום שמדובר באחד המקרים החריגים
והקיצוניים שמסה קריטית של ראיות המעידות על קיומה של עילת הפסילה.
א""ב 1156/21 ועדת הבחירות לכנסת 24-ה 'נ אבתיסאם מראענה-מנוחין
ההתבטאויות והמעשים שיוחסו למועמדת: הראיה המרכזית שהובאה אמירתה בריאיון )2008( למקומון ""מגזין
המושבות"" כי ""הייתי משמידה את זכרון יעקב. ]...[ שתחזרו לארה""ב או לפולניה"". כמו כן, העלתה )2013( לעמוד
הפייסבוק שלה תגובה לפוסט שהעלתה, בה נכתב ""לא עמדתי בצפירה, הייתי בנהיגה בזמן שכל המדינה כמעט עמדה
דום. אני החלטתי להמשיך לנסוע. ואלה היו 2 דקות מופלאות בזמן הצפירה. הכביש היה ריק, אני המשכתי לחשוב על
מה שעניין אותי באמת באותו הרגע"". בנוסף, פרסמה )2020( פוסט בעמוד הפייסבוק שלה בנוגע לנער שנהרג בעימות
עם כוחות הבטחון באיו""ש שבו נכתב ""ילד יפה כל כך שהאמין בזכותו הבסיסית להתנגד לכיבוש האכזרי. הוא נרצח
ע""י חייל הכיבוש שהחליט שלילד הזה אין זכות להיות ]...[ כולה בן 14 שיצא להפגין על זכותו הבסיסית להגן על
אדמתו ועל חירותו"". כן העלתה לפייסבוק שלה )2020( פוסט בו פרסמה תמונה של מאהר אלאח'רס, עציר מנהלי
פלסטיני שהכריז על שביתת רעב, בצירוף הכיתוב ""לא מסוגלת להעלות תמונה של אדם רעב. עושה טריגר להמון
נפשות פצועות"".
החלטת בית המשפט: הוחלט ברוב דעות )8:1( 'א( חיות, 'נ הנדל, 'י עמית, 'נ סולברג, 'ד ברק- ארז, 'מ מזוז, 'ע ברון,
'ג קרא) שלא לאשר את החלטת ועדת הבחירות המרכזית למנוע את השתתפותה של בבחירות לכנסת .24-ה בית
המשפט קבע כי התבטאויותיה לא עולות כדי תמיכה במאבק מזוין, לא כל שכן במאבק מזוין של מדינת אויב או של
ארגון טרור. הן לא כוללות התייחסות מפורשת למעשי טרור, שבח לפעילות כזו או קריאה לביצועה בעתיד.
דעת המיעוט: 'ד( מינץ) קיימת ראיה משמעותית וגלויה המגבשת ""מסה קריטית"" איכותית ומספקת לפסילתה וזו
קריאתה המפורשת להשמדת העם היהודי ובמילותיה ""אם הייתי יוזמת תסריט אפוקליפטי, הייתי משמידה את זכרון
יעקב"". לדעתו, שאלת קיומה של מסה קריטית אינה שאלה כמותית אלא איכותית. במקרה זה הנסיבות חריגות
וקיצוניות וזאת גם בהתייחס למידת דלותה של ההתנצלות שהיא הביעה אם בכלל ניתן לייחס לה חזרה כלשהי
מדבריה. שכן גם הצהרת מועמד אין בכוחה לאיין כל אמירה פסולה ויש לבחנה בזהירות. ישנן התבטאויות שאין די
לומר שהן צורבות את הלב או לגנותן אלא יש ליצוק להסתייגות מהן משמעות אופרטיבית כמצוות המחוקק.
16
"
https://main.knesset.gov.il/About/Departments/LDInstructions/071123.pdf,1,2023-088678,2023-11-07,מכתב תשובה,פניות ומענה לחברי הכנסת,"שגית אפיק, היועצת המשפטית לכנסת",חברות וחברי הכנסת,חברי הכנסת,הפסקת כהונתו של חבר כנסת בשל תמיכה במאבק מזוין של ארגון טרור נגד מדינת ישראל,"המסמך מספק סקירה תמציתית של הדין החל בנוגע להפסקת כהונתו של חבר כנסת בשל תמיכה במאבק מזוין של ארגון טרור נגד מדינת ישראל, כולל הסדרים חוקתיים, רף ראייתי, הליך הפרוצדורה והמלצות מהפסיקה.","הפסקת כהונת חבר כנסת תתבצע רק במקרים נדירים וקיצוניים, כאשר יש מסה קריטית של ראיות ברורות ומשכנעות לתמיכה במאבק מזוין של מדינת אויב או ארגון טרור נגד המדינה. כל ספק בראיות פועל לטובת חבר הכנסת. ההליך מחייב רוב מוצק של חברי הכנסת, נימוקים בכתב, דיון בוועדת הכנסת, וזכות ערעור לבית המשפט העליון.","המסמך נשלח גם לחבר הכנסת אמיר אוחנה, יושב ראש הכנסת.",,"הכנסת
היועצת המשפטית לכנסת
(סימוכין: )2023-088678
ירושלים, כ""ג בחשון התשפ""ד
07 בנובמבר 2023
לכבוד
חברות וחברי הכנסת
שלום רב,
הנדון: הפסקת כהונתו של חבר כנסת בשל תמיכה במאבק מזוין של ארגון טרור נגד מדינת ישראל
בהמשך לשאלות חברי הכנסת, להלן סקירה תמציתית של הדין החל בנושא שבנדון:
.1 סעיף )1()ג(א42 לחוק-יסוד: הכנסת, שנחקק בשנת 2016 קובע שהכנסת רשאית, ברוב של 90 חברי
הכנסת, להחליט להפסיק את חברותו של חבר הכנסת, אם קבעה שהתקיימה בו עילה מהעילות
הקבועות בסעיף ,)2()א(א7 או )3( לחוק היסוד. סעיף א7 עניינו עילות המונעות השתתפותם בבחירות
של רשימות מועמדים או של מועמדים לכנסת. העילה הקבועה בפסקת משנה )2( היא ""הסתה לגזענות""
והעילה הקבועה בפסקת משנה )3( היא ""תמיכה במאבק מזוין, של מדינת אויב או של ארגון טרור, נגד
מדינת ישראל""1.
.2 פרק 1'ד לחוק הכנסת, 1994-ד""נשתה שנחקק במקביל לסעיף )1()ג(א42 האמור קובע הסדרים
משלימים לגבי ההליך החל להפסקת חברותו של חבר הכנסת. כמו כן, תקנון הכנסת קובע הסדרים
ייחודיים לענין ההליך האמור.
.3 מנוסח חוק היסוד עולה כי המחוקק השווה בין מניעת השתתפות בבחירות של מועמד או של רשימת
מועמדים2, לבין הפסקת כהונתו של חבר כנסת מכהן3. בכך נקבע כי אמות המידה שנקבעו בפסיקה
לעניין הפעלת המנגנון הקבוע בסעיף א7 לחוק היסוד ינחו את הכנסת גם לצורך הפעלת המנגנון הקבוע
בסעיף ההדחה .4ל""נה
.4 הרף הראייתי הנדרש לגיבוש העילות כאמור נתחם למקרים מובהקים שיש לגביהם מסה קריטית של
ראיות ברורות, חד-משמעיות ומשכנעות המלמדות כי מתקיימים בהם המבחנים הבאים5:
)1( התמיכה במאבק המזוין היא מאפיין דומיננטי במסגרת שאיפותיו של המועמד או חבר הכנסת;
)2( קיימים היגדים ישירים, הצהרות מפורשות, או מסקנות מסתברות עם משמעות ברורה וחד-
משמעית, לפעולה אקטיבית של תמיכה במאבק מזוין של מדינת אויב או ארגון טרור נגד המדינה;
1 יוער כי המכונן לא ראה מקום לאמץ את כל העילות המנויות בסעיף )א(א7 לחוק-יסוד: הכנסת.
2 מכוח סעיף א7 לחוק-יסוד: הכנסת
3 מכוח סעיף )ג(א42 לחוק היסוד
4 גישה זו באה לידי ביטוי גם בדברי ההסבר להצעת חוק-יסוד:הכנסת (תיקון מס' )45 (השעיית חבר הכנסת שהתקיים בו האמור
בסעיף ))א(7 שמכוחו נחקק הסעיף בהם נכתב כך: ""כיום אין אפשרות לפעול נגד אדם שנבחר לכנסת הפועל בניגוד לעקרונות
הקבועים בסעיף א7 האמור ולא מקבל עליו את הגבולות החיוניים של הפעילות הלגיטימית אלא אם כן מעשהו מגיע לכדי עבירה
פלילית, ויש להמתין ולראות אם יציג את מועמדותו לקראת הבחירות הבאות כדי לפעול כלפיו. יש בכך לא רק פגיעה חמורה
בכנסת אלא גם הפרת התחייבות ברורה של אותו נבחר ציבור, שלפי הוראות הסעיף האמור, וסעיף )1ט(57 לחוק הבחירות לכנסת
[נוסח משולב], ,1969-ט""כשתה מצהיר בכתב ההסכמה שלו למועמדות: 'אני מתחייב לשמור אמונים למדינת ישראל ולהימנע
מלפעול בניגוד לעקרונות סעיף א7 לחוק-יסוד: הכנסת'. מי שבאופן ברור מפר את העיקרים החיוניים שעליהם מושתתת המדינה,
לפי המבחנים שנקבעו בבית המשפט העליון, אינו ראוי להיות חבר הכנסת, גם אם כבר נבחר לכנסת""
5 ראו בין רבים: א""ב 1806/19 ועדת הבחירות המרכזית לכנסת 21-ה 'נ כסיף, פסקה 16 לנימוקי חוות הדעת של הנשיאה חיות
;)18.7.2019( א""ב 852/20 ועדת הבחירות המרכזית לכנסת 23-ה 'נ יזבק ;)9.2.2020( א""ב 1156-21 ועדת הבחירות המרכזית
לכנסת 24-ה 'נ מראענה )28.2.2021( (להלן: עניין מראענה).
)3( המועמד או חבר הכנסת ביצע פעילות שאינה אקראית לצורך הוצאת השאיפות מן הכוח אל הפועל.
.5 עוד נקבע בפסיקה, כי כל ספק שמתעורר לגבי דיות הראיות פועל נגד הפסילה או הפסקת החברות.
כלומר, אם נמצא כי קיים ספק בדבר התקיימות העילה, פועל ספק זה לטובת המועמד או חבר הכנסת
ומטה את הכף לטובתו, וזאת לנוכח חשיבותה של הזכות לבחור ולהיבחר (המקבלת משנה תוקף כאשר
מדובר כבר במועמד שנבחר לכנסת ומכהן כבר כחבר הכנסת); כמו כן נקבע כי יש להתחשב לעניין
התקיימות העילה גם בשאלה אם ניתן הסבר 'בזמן אמת', וכן אם ניתנו הסבר או התנצלות בדיעבד
לגבי האמירה המעידה לכאורה על תמיכת המועמד במאבק המזוין נגד מדינת ישראל6.
.6 בתגובתה לבית המשפט בעתירה כנגד החקיקה בדבר הפסקת חברותו של חבר הכנסת7, ציינה הכנסת:
""ההסדר שנקבע בתיקון נועד לשימוש למעשה רק במקרים נדירים וקיצוניים, בהם תהיה הסכמה
רחבה מאוד בקרב חברי הכנסת, כי חבר כנסת חרג מהעקרונות הקבועים בסעיף ,א7 תוך חריגה רבתי
מגבולות הפעילות הפוליטית הלגיטימית, באופן הפוגע בכנסת ובאמון הציבור בכנסת, ובניגוד
להתחייבות הברורה עליה חותם כל חבר כנסת בעת הגשת מועמדותו לכנסת (בהתאם לסעיף )1ט(57
לחוק הבחירות לכנסת [נוסח משולב], :)1969-ט""כשתה 'להימנע מלפעול בניגוד לעקרונות סעיף א7
לחוק-יסוד: הכנסת'""
.7 לגבי ההליך להפסקת החברות של חבר הכנסת נקבע בפרק 1'ד לחוק הכנסת כי בקשה להפסקת חברותו
של חבר הכנסת תוגש ליושב ראש הכנסת בכתב בצירוף נימוקים והחומר שעליו היא מתבססת, והוא
יעבירנה לוועדת הכנסת. הבקשה צריכה להיות חתומה על ידי 70 חברי כנסת, שמתוכם לפחות 10 חברי
כנסת נמנים על סיעות שאינן צדדים להסכמים המחייבים תמיכה בממשלה.
.8 חוק הכנסת ותקנון הכנסת קובעים סדרי דיון מיוחדים לדיון שתקיים ועדת הכנסת הן לענין לוחות
הזמנים, חובת נוכחות חברי הכנסת ועוד. כן נקבע כי בדיון ועדת הכנסת תינתן לחבר הכנסת, ליועץ
המשפטי לכנסת וליועץ המשפטי לממשלה הזדמנות להשמיע את דבריהם; חבר הכנסת רשאי להיות
מיוצג על ידי עורך דין.
.9 החלטת ועדת הכנסת להציע לכנסת להפסיק את חברותו של חבר הכנסת צריכה להתקבל ברוב של ¾
מחבריה, והיא תועבר להכרעתה של הכנסת. לעומת זאת, החלטת ועדת הכנסת שלא להציע לכנסת
להפסיק את חברותו של חבר הכנסת היא סופית.
.10 החלטת הכנסת בהצעת ועדת הכנסת להפסקת חברות צריכה להתקבל ברוב של 90 חברי הכנסת. לחבר
הכנסת זכות ערעור לבית המשפט העליון.
.11 הפרוצדורה הקשיחה כמתואר לעיל, הוסברה בדברי ההסבר להצעת החוק בכך שהיא נועדה ""להבטיח
כי הסעיף יופעל במקרים נדירים וקיצוניים, שבהם תהיה הסכמה רחבה מאוד של הבית שחבר הכנסת
חרג בפעולתו מגבולות הפעילות הפוליטית הלגיטימית""8.
בכבוד רב,
שגית אפיק
העתק:
חבר הכנסת אמיר אוחנה, יושב ראש הכנסת
6 ראו: עניין מראענה, פסקאות 14-11 לחוות הדעת של הנשיאה חיות.
7 בג""ץ 5744/16 בן מאיר 'נ הכנסת
8 וכדברי הכנסת בתגובתה לבית המשפט בעניין בן מאיר: ""לעמדת המשיבה, ההליך כפי שגובש, הוא הליך ראוי, הוגן וזהיר,
מנומק ומבוסס עובדות, המצריך רוב מוצק ועקבי. בנוסף, ההליך כולל באופן מובנה ביקורת שיפוטית, מאזן בין הצורך לקיים
את ההליך במהירות ויעילות, ומאידך לא מתנהל מיד בעקבות האירוע בגינו הוצע להפסיק את כהונתו של חבר הכנסת, ובכך
מאפשר דיון ענייני"" (ההדגשה במקור)."
